Protocollo;Gruppo;DataOraIncidente;Localizzazione1;STRADA1;Localizzazione2;STRADA2;Strada02;Chilometrica;DaSpecificare;NaturaIncidente;particolaritastrade;TipoStrada;FondoStradale;Pavimentazione;Segnaletica;CondizioneAtmosferica;Traffico;Visibilita;Illuminazione;NUM_FERITI;NUM_RISERVATA;NUM_MORTI;NUM_ILLESI;Longitudine;Latitudine;Confermato;Progressivo;TipoVeicolo;StatoVeicolo;TipoPersona;Sesso;Tipolesione;Deceduto;DecedutoDopo;CinturaCascoUtilizzato;Airbag
3445322;9;04/09/2017 15:35;Strada Urbana;PIAZZA DELL'ALBERONE;all'intersezione con;VIA GINO CAPPONI;VIA GINO CAPPONI;;;Scontro laterale fra veicoli in marcia;Intersezione semaforizzata;Due carreggiate;Asciutto;Asfaltata;Verticale ed orizzontale;Sereno;Intenso;Buona;Ore Diurne;0;0;0;2;12,52137;41,87594;-1;1;Autocarro superiore 35 q.;In marcia / fermata / arresto;Conducente;M;Illeso;0;;Non accertato;Inesploso
3445322;9;04/09/2017 15:35;Strada Urbana;PIAZZA DELL'ALBERONE;all'intersezione con;VIA GINO CAPPONI;VIA GINO CAPPONI;;;Scontro laterale fra veicoli in marcia;Intersezione semaforizzata;Due carreggiate;Asciutto;Asfaltata;Verticale ed orizzontale;Sereno;Intenso;Buona;Ore Diurne;0;0;0;2;12,52137;41,87594;-1;2;Autovettura privata;In marcia / fermata / arresto;Conducente;F;Illeso;0;;Non accertato;
3445325;10;04/09/2017 16:25;Strada Urbana;VIALE PALMIRO TOGLIATTI;da specificare;;;;50 mt. dopo via Chiovenda direz Tuscolana;Tamponamento;Rettilineo;Due carreggiate;Asciutto;Asfaltata;Verticale ed orizzontale;Sereno;Normale;Buona;Ore Diurne;0;0;0;5;12,57334;41,88718;-1;1;Autovettura privata;In marcia / fermata / arresto;Conducente;F;Illeso;0;;Non accertato;Inesploso
3445325;10;04/09/2017 16:25;Strada Urbana;VIALE PALMIRO TOGLIATTI;da specificare;;;;50 mt. dopo via Chiovenda direz Tuscolana;Tamponamento;Rettilineo;Due carreggiate;Asciutto;Asfaltata;Verticale ed orizzontale;Sereno;Normale;Buona;Ore Diurne;0;0;0;5;12,57334;41,88718;-1;1;Autovettura privata;In marcia / fermata / arresto;Passeggero;F;Illeso;0;;Non accertato;Inesploso
3445325;10;04/09/2017 16:25;Strada Urbana;VIALE PALMIRO TOGLIATTI;da specificare;;;;50 mt. dopo via Chiovenda direz Tuscolana;Tamponamento;Rettilineo;Due carreggiate;Asciutto;Asfaltata;Verticale ed orizzontale;Sereno;Normale;Buona;Ore Diurne;0;0;0;5;12,57334;41,88718;-1;1;Autovettura privata;In marcia / fermata / arresto;Passeggero;M;Illeso;0;;Non accertato;Inesploso
3445325;10;04/09/2017 16:25;Strada Urbana;VIALE PALMIRO TOGLIATTI;da specificare;;;;50 mt. dopo via Chiovenda direz Tuscolana;Tamponamento;Rettilineo;Due carreggiate;Asciutto;Asfaltata;Verticale ed orizzontale;Sereno;Normale;Buona;Ore Diurne;0;0;0;5;12,57334;41,88718;-1;1;Autovettura privata;In marcia / fermata / arresto;Passeggero;M;Illeso;0;;Non accertato;Inesploso
3445325;10;04/09/2017 16:25;Strada Urbana;VIALE PALMIRO TOGLIATTI;da specificare;;;;50 mt. dopo via Chiovenda direz Tuscolana;Tamponamento;Rettilineo;Due carreggiate;Asciutto;Asfaltata;Verticale ed orizzontale;Sereno;Normale;Buona;Ore Diurne;0;0;0;5;12,57334;41,88718;-1;2;Autovettura privata;In marcia / fermata / arresto;Conducente;M;Illeso;0;;Non accertato;Inesploso
3445326;1;04/09/2017 10:20;Strada Urbana;VIA ELENIANA;in corrispondenza;;del civico n.;2 B;;Scontro laterale fra veicoli in marcia;Rettilineo;Una carreggiata a doppio senso;Asciutto;Asfaltata;Verticale ed orizzontale;Sereno;Normale;Buona;Ore Diurne;1;0;0;1;12,59888;41,86098;-1;1;Autovettura privata;In marcia / fermata / arresto;Conducente;F;Illeso;0;;Non accertato;Inesploso
3445326;1;04/09/2017 10:20;Strada Urbana;VIA ELENIANA;in corrispondenza;;del civico n.;2 B;;Scontro laterale fra veicoli in marcia;Rettilineo;Una carreggiata a doppio senso;Asciutto;Asfaltata;Verticale ed orizzontale;Sereno;Normale;Buona;Ore Diurne;1;0;0;1;12,59888;41,86098;-1;2;Velocipede;In marcia / fermata / arresto;Conducente;F;Rimandato;0;NON DECEDUTO;Esente;
3445392;20;04/09/2017 15:30;Strada Urbana;VIA TRIONFALE;in corrispondenza;;del civico n.;13961;;Veicolo in marcia contro ostacolo accidentale;Rettilineo;Una carreggiata a doppio senso;Asciutto;Con buche;Verticale ed orizzontale;Sereno;Normale;Buona;Ore Diurne;0;0;0;2;12,40748;41,98297;-1;1;Autovettura privata;In marcia / fermata / arresto;Conducente;M;Illeso;0;;Non accertato;Inesploso
3445392;20;04/09/2017 15:30;Strada Urbana;VIA TRIONFALE;in corrispondenza;;del civico n.;13961;;Veicolo in marcia contro ostacolo accidentale;Rettilineo;Una carreggiata a doppio senso;Asciutto;Con buche;Verticale ed orizzontale;Sereno;Normale;Buona;Ore Diurne;0;0;0;2;12,40748;41,98297;-1;1;Autovettura privata;In marcia / fermata / arresto;Passeggero;M;Illeso;0;;Non accertato;Inesploso
3445417;12;02/09/2017 17:20;Regionale;VIA PONTINA;da specificare;;;;altezza KM 16,400 direzione fuori ROMA;Veicolo in marcia contro ostacolo fisso;Curva senza visuale libera;Due carreggiate;Asciutto;Asfaltata;Verticale ed orizzontale;Sereno;Intenso;Buona;Ore Diurne;0;0;0;1;12,43457;41,75447;-1;1;Autobus turistico;In marcia / fermata / arresto;Conducente;M;Illeso;0;;Non accertato;Inesploso
3445429;12;03/09/2017 02:45;Strada Urbana;VIA CRISTOFORO COLOMBO;all'intersezione con;VIALE DELL'OCEANO PACIFICO;VIALE DELL'OCEANO PACIFICO;;;Tamponamento Multiplo;Incrocio;Una carreggiata a senso unico di marcia;Bagnato (pioggia);Asfaltata;Verticale ed orizzontale;Pioggia in atto;Scarso;Sufficiente;Insufficiente;3;0;0;6;12,4628;41,81826;-1;1;Autovettura privata;In marcia / fermata / arresto;Conducente;M;Illeso;0;;Non accertato;Inesploso
3445429;12;03/09/2017 02:45;Strada Urbana;VIA CRISTOFORO COLOMBO;all'intersezione con;VIALE DELL'OCEANO PACIFICO;VIALE DELL'OCEANO PACIFICO;;;Tamponamento Multiplo;Incrocio;Una carreggiata a senso unico di marcia;Bagnato (pioggia);Asfaltata;Verticale ed orizzontale;Pioggia in atto;Scarso;Sufficiente;Insufficiente;3;0;0;6;12,4628;41,81826;-1;2;Autovettura privata;In marcia / fermata / arresto;Conducente;M;Rimandato;0;NON DECEDUTO;Non accertato;Inesploso
3445429;12;03/09/2017 02:45;Strada Urbana;VIA CRISTOFORO COLOMBO;all'intersezione con;VIALE DELL'OCEANO PACIFICO;VIALE DELL'OCEANO PACIFICO;;;Tamponamento Multiplo;Incrocio;Una carreggiata a senso unico di marcia;Bagnato (pioggia);Asfaltata;Verticale ed orizzontale;Pioggia in atto;Scarso;Sufficiente;Insufficiente;3;0;0;6;12,4628;41,81826;-1;2;Autovettura privata;In marcia / fermata / arresto;Passeggero;M;Illeso;0;;Non accertato;Inesploso
3445429;12;03/09/2017 02:45;Strada Urbana;VIA CRISTOFORO COLOMBO;all'intersezione con;VIALE DELL'OCEANO PACIFICO;VIALE DELL'OCEANO PACIFICO;;;Tamponamento Multiplo;Incrocio;Una carreggiata a senso unico di marcia;Bagnato (pioggia);Asfaltata;Verticale ed orizzontale;Pioggia in atto;Scarso;Sufficiente;Insufficiente;3;0;0;6;12,4628;41,81826;-1;2;Autovettura privata;In marcia / fermata / arresto;Passeggero;F;Rimandato;0;NON DECEDUTO;Non accertato;Inesploso
3445429;12;03/09/2017 02:45;Strada Urbana;VIA CRISTOFORO COLOMBO;all'intersezione con;VIALE DELL'OCEANO PACIFICO;VIALE DELL'OCEANO PACIFICO;;;Tamponamento Multiplo;Incrocio;Una carreggiata a senso unico di marcia;Bagnato (pioggia);Asfaltata;Verticale ed orizzontale;Pioggia in atto;Scarso;Sufficiente;Insufficiente;3;0;0;6;12,4628;41,81826;-1;2;Autovettura privata;In marcia / fermata / arresto;Passeggero;F;Rimandato;0;NON DECEDUTO;Non accertato;Inesploso
3445429;12;03/09/2017 02:45;Strada Urbana;VIA CRISTOFORO COLOMBO;all'intersezione con;VIALE DELL'OCEANO PACIFICO;VIALE DELL'OCEANO PACIFICO;;;Tamponamento Multiplo;Incrocio;Una carreggiata a senso unico di marcia;Bagnato (pioggia);Asfaltata;Verticale ed orizzontale;Pioggia in atto;Scarso;Sufficiente;Insufficiente;3;0;0;6;12,4628;41,81826;-1;3;Autovettura privata;In marcia / fermata / arresto;Conducente;M;Illeso;0;;Non accertato;Inesploso
3445429;12;03/09/2017 02:45;Strada Urbana;VIA CRISTOFORO COLOMBO;all'intersezione con;VIALE DELL'OCEANO PACIFICO;VIALE DELL'OCEANO PACIFICO;;;Tamponamento Multiplo;Incrocio;Una carreggiata a senso unico di marcia;Bagnato (pioggia);Asfaltata;Verticale ed orizzontale;Pioggia in atto;Scarso;Sufficiente;Insufficiente;3;0;0;6;12,4628;41,81826;-1;3;Autovettura privata;In marcia / fermata / arresto;Passeggero;M;Illeso;0;;Non accertato;Inesploso
3445429;12;03/09/2017 02:45;Strada Urbana;VIA CRISTOFORO COLOMBO;all'intersezione con;VIALE DELL'OCEANO PACIFICO;VIALE DELL'OCEANO PACIFICO;;;Tamponamento Multiplo;Incrocio;Una carreggiata a senso unico di marcia;Bagnato (pioggia);Asfaltata;Verticale ed orizzontale;Pioggia in atto;Scarso;Sufficiente;Insufficiente;3;0;0;6;12,4628;41,81826;-1;3;Autovettura privata;In marcia / fermata / arresto;Passeggero;M;Illeso;0;;Non accertato;Inesploso
3445456;12;03/09/2017 18:50;Strada Urbana;VIA DELLE TRE FONTANE;all'intersezione con;VIALE DELL'INDUSTRIA;VIALE DELL'INDUSTRIA;;;Scontro laterale fra veicoli in marcia;Incrocio;Una carreggiata a doppio senso;Asciutto;Asfaltata;Verticale ed orizzontale;Sereno;Normale;Buona;Ore Diurne;1;0;0;1;12,47484;41,83897;-1;1;Autovettura privata;In marcia / fermata / arresto;Conducente;F;Illeso;0;;Utilizzato;Inesploso
3445456;12;03/09/2017 18:50;Strada Urbana;VIA DELLE TRE FONTANE;all'intersezione con;VIALE DELL'INDUSTRIA;VIALE DELL'INDUSTRIA;;;Scontro laterale fra veicoli in marcia;Incrocio;Una carreggiata a doppio senso;Asciutto;Asfaltata;Verticale ed orizzontale;Sereno;Normale;Buona;Ore Diurne;1;0;0;1;12,47484;41,83897;-1;2;Motociclo a solo;In marcia / fermata / arresto;Conducente;M;Rimandato;0;NON DECEDUTO;Utilizzato;
3445520;12;04/09/2017 17:50;Strada Urbana;VIA PONTINA;da specificare;;;;rampa immissione su via Acqua Acetosa Ostiense;Scontro laterale fra veicoli in marcia;Curva a visuale libera;Una carreggiata a senso unico di marcia;Asciutto;Asfaltata;Verticale ed orizzontale;Sereno;Intenso;Buona;Ore Diurne;0;0;0;3;12,45557;41,80558;-1;1;Autovettura privata;In marcia / fermata / arresto;Conducente;M;Illeso;0;;Utilizzato;Inesploso
3445520;12;04/09/2017 17:50;Strada Urbana;VIA PONTINA;da specificare;;;;rampa immissione su via Acqua Acetosa Ostiense;Scontro laterale fra veicoli in marcia;Curva a visuale libera;Una carreggiata a senso unico di marcia;Asciutto;Asfaltata;Verticale ed orizzontale;Sereno;Intenso;Buona;Ore Diurne;0;0;0;3;12,45557;41,80558;-1;1;Autovettura privata;In marcia / fermata / arresto;Passeggero;F;Illeso;0;;Utilizzato;Inesploso
3445520;12;04/09/2017 17:50;Strada Urbana;VIA PONTINA;da specificare;;;;rampa immissione su via Acqua Acetosa Ostiense;Scontro laterale fra veicoli in marcia;Curva a visuale libera;Una carreggiata a senso unico di marcia;Asciutto;Asfaltata;Verticale ed orizzontale;Sereno;Intenso;Buona;Ore Diurne;0;0;0;3;12,45557;41,80558;-1;2;Motociclo a solo;In marcia / fermata / arresto;Conducente;M;Illeso;0;;Utilizzato;
3445538;20;04/09/2017 18:00;Regionale entro l'abitato;VIA FLAMINIA;all'intersezione con;VIA DELLA VILLA DI LIVIA;VIA DELLA VILLA DI LIVIA;;;Scontro frontale/laterale SX fra veicoli in marcia;Incrocio;Una carreggiata a senso unico di marcia;Asciutto;Asfaltata;Verticale ed orizzontale;Sereno;Scarso;Buona;Ore Diurne;1;0;0;3;12,48984;42,00975;-1;1;Autovettura privata;In marcia / fermata / arresto;Conducente;M;Illeso;0;;Non accertato;Inesploso
3445538;20;04/09/2017 18:00;Regionale entro l'abitato;VIA FLAMINIA;all'intersezione con;VIA DELLA VILLA DI LIVIA;VIA DELLA VILLA DI LIVIA;;;Scontro frontale/laterale SX fra veicoli in marcia;Incrocio;Una carreggiata a senso unico di marcia;Asciutto;Asfaltata;Verticale ed orizzontale;Sereno;Scarso;Buona;Ore Diurne;1;0;0;3;12,48984;42,00975;-1;1;Autovettura privata;In marcia / fermata / arresto;Passeggero;F;Illeso;0;;Non accertato;Inesploso
3445538;20;04/09/2017 18:00;Regionale entro l'abitato;VIA FLAMINIA;all'intersezione con;VIA DELLA VILLA DI LIVIA;VIA DELLA VILLA DI LIVIA;;;Scontro frontale/laterale SX fra veicoli in marcia;Incrocio;Una carreggiata a senso unico di marcia;Asciutto;Asfaltata;Verticale ed orizzontale;Sereno;Scarso;Buona;Ore Diurne;1;0;0;3;12,48984;42,00975;-1;1;Autovettura privata;In marcia / fermata / arresto;Passeggero;M;Illeso;0;;Non accertato;Inesploso
3445538;20;04/09/2017 18:00;Regionale entro l'abitato;VIA FLAMINIA;all'intersezione con;VIA DELLA VILLA DI LIVIA;VIA DELLA VILLA DI LIVIA;;;Scontro frontale/laterale SX fra veicoli in marcia;Incrocio;Una carreggiata a senso unico di marcia;Asciutto;Asfaltata;Verticale ed orizzontale;Sereno;Scarso;Buona;Ore Diurne;1;0;0;3;12,48984;42,00975;-1;2;Motociclo a solo;In marcia / fermata / arresto;Conducente;M;Ricoverato;0;NON DECEDUTO;Non accertato;
3445899;1;04/09/2017 12:49;Strada Urbana;VIA VITTORIO VENETO;in prossimità;;del palo luce n.;8;;Scontro laterale fra veicoli in marcia;Curva a visuale libera;Una carreggiata a doppio senso;Asciutto;Asfaltata;Verticale ed orizzontale;Sereno;Normale;Buona;Ore Diurne;2;0;0;0;12,488;41,90538;-1;1;Motociclo a solo;In marcia / fermata / arresto;Conducente;M;Rifiuta cure immediate;0;NON DECEDUTO;;
3445899;1;04/09/2017 12:49;Strada Urbana;VIA VITTORIO VENETO;in prossimità;;del palo luce n.;8;;Scontro laterale fra veicoli in marcia;Curva a visuale libera;Una carreggiata a doppio senso;Asciutto;Asfaltata;Verticale ed orizzontale;Sereno;Normale;Buona;Ore Diurne;2;0;0;0;12,488;41,90538;-1;2;Motociclo a solo;In marcia / fermata / arresto;Conducente;M;Rimandato;0;NON DECEDUTO;;
3445900;5;04/09/2017 12:45;Strada Urbana;VIA JASPERS;in prossimità;;del civico n.;68;;Investimento di pedone;Rettilineo;Una carreggiata a doppio senso;Asciutto;Asfaltata;Verticale;Sereno;Scarso;Sufficiente;Ore Diurne;1;0;0;1;12,55586;41,93672;-1;;;;Pedone;M;Rimandato;0;NON DECEDUTO;;
3445900;5;04/09/2017 12:45;Strada Urbana;VIA JASPERS;in prossimità;;del civico n.;68;;Investimento di pedone;Rettilineo;Una carreggiata a doppio senso;Asciutto;Asfaltata;Verticale;Sereno;Scarso;Sufficiente;Ore Diurne;1;0;0;1;12,55586;41,93672;-1;1;Autovettura privata;In marcia / fermata / arresto;Conducente;F;Illeso;0;;Non accertato;Inesploso
3445902;11;04/09/2017 12:55;Strada Urbana;VIA ARDEATINA;in corrispondenza;;del palo luce n.;6;;Veicolo in marcia contro ostacolo fisso;Rettilineo;Una carreggiata a senso unico alternato;Asciutto;Asfaltata;Orizzontale;Sereno;Normale;Buona;Ore Diurne;1;0;0;0;12,50466;41,86297;-1;1;Autovettura privata;In marcia / fermata / arresto;Conducente;F;Rimandato;0;NON DECEDUTO;Non accertato;
3445905;11;04/09/2017 13:15;Provinciale entro l'abitato;VIA ARDEATINA;all'intersezione con;VIA DELLE SETTE CHIESE;VIA DELLE SETTE CHIESE;;;Scontro frontale/laterale DX fra veicoli in marcia;Incrocio;Due carreggiate;Asciutto;Asfaltata;Verticale ed orizzontale;Sereno;Normale;Buona;Ore Diurne;0;0;0;3;12,50888;41,85815;-1;1;Autovettura privata;In marcia / fermata / arresto;Conducente;M;Illeso;0;;;
3445905;11;04/09/2017 13:15;Provinciale entro l'abitato;VIA ARDEATINA;all'intersezione con;VIA DELLE SETTE CHIESE;VIA DELLE SETTE CHIESE;;;Scontro frontale/laterale DX fra veicoli in marcia;Incrocio;Due carreggiate;Asciutto;Asfaltata;Verticale ed orizzontale;Sereno;Normale;Buona;Ore Diurne;0;0;0;3;12,50888;41,85815;-1;1;Autovettura privata;In marcia / fermata / arresto;Passeggero;F;Illeso;0;;;
3445905;11;04/09/2017 13:15;Provinciale entro l'abitato;VIA ARDEATINA;all'intersezione con;VIA DELLE SETTE CHIESE;VIA DELLE SETTE CHIESE;;;Scontro frontale/laterale DX fra veicoli in marcia;Incrocio;Due carreggiate;Asciutto;Asfaltata;Verticale ed orizzontale;Sereno;Normale;Buona;Ore Diurne;0;0;0;3;12,50888;41,85815;-1;2;Autovettura privata;In marcia / fermata / arresto;Conducente;M;Illeso;0;;;
3445908;9;04/09/2017 08:00;;VIA LATINA;all'intersezione semaforizzata con;VIA MACEDONIA;VIA MACEDONIA;;;Investimento di pedone;;;;;;;;;;0;0;0;2;12,51193;41,87371;0;;;;Pedone;M;Illeso;0;;;
3445908;9;04/09/2017 08:00;;VIA LATINA;all'intersezione semaforizzata con;VIA MACEDONIA;VIA MACEDONIA;;;Investimento di pedone;;;;;;;;;;0;0;0;2;12,51193;41,87371;0;1;Autovettura privata;In marcia / fermata / arresto;Conducente;M;Illeso;0;;Non accertato;Inesploso
3445909;18;04/09/2017 23:40;Strada Urbana;VIA FEDERICO CESI;all'intersezione con;VIA GIUSEPPE GIOACHINO BELLI;VIA GIUSEPPE GIOACHINO BELLI;;;Scontro frontale/laterale DX fra veicoli in marcia;Intersezione stradale segnalata;Una carreggiata a senso unico di marcia;Asciutto;Asfaltata;Verticale ed orizzontale;Sereno;Normale;Buona;Sufficiente;1;0;0;3;12,47069;41,90716;-1;1;Autovettura privata;In marcia / fermata / arresto;Conducente;M;Illeso;0;;;
3445909;18;04/09/2017 23:40;Strada Urbana;VIA FEDERICO CESI;all'intersezione con;VIA GIUSEPPE GIOACHINO BELLI;VIA GIUSEPPE GIOACHINO BELLI;;;Scontro frontale/laterale DX fra veicoli in marcia;Intersezione stradale segnalata;Una carreggiata a senso unico di marcia;Asciutto;Asfaltata;Verticale ed orizzontale;Sereno;Normale;Buona;Sufficiente;1;0;0;3;12,47069;41,90716;-1;1;Autovettura privata;In marcia / fermata / arresto;Passeggero;M;Illeso;0;;;
3445909;18;04/09/2017 23:40;Strada Urbana;VIA FEDERICO CESI;all'intersezione con;VIA GIUSEPPE GIOACHINO BELLI;VIA GIUSEPPE GIOACHINO BELLI;;;Scontro frontale/laterale DX fra veicoli in marcia;Intersezione stradale segnalata;Una carreggiata a senso unico di marcia;Asciutto;Asfaltata;Verticale ed orizzontale;Sereno;Normale;Buona;Sufficiente;1;0;0;3;12,47069;41,90716;-1;1;Autovettura privata;In marcia / fermata / arresto;Passeggero;F;Illeso;0;;;
3445909;18;04/09/2017 23:40;Strada Urbana;VIA FEDERICO CESI;all'intersezione con;VIA GIUSEPPE GIOACHINO BELLI;VIA GIUSEPPE GIOACHINO BELLI;;;Scontro frontale/laterale DX fra veicoli in marcia;Intersezione stradale segnalata;Una carreggiata a senso unico di marcia;Asciutto;Asfaltata;Verticale ed orizzontale;Sereno;Normale;Buona;Sufficiente;1;0;0;3;12,47069;41,90716;-1;2;Motociclo a solo;In marcia / fermata / arresto;Conducente;M;Rimandato;0;NON DECEDUTO;;
3445910;5;04/09/2017 12:40;Strada Urbana;VIA DI MARCO SIMONE;all'intersezione con;VIA SAN VITO ROMANO;VIA SAN VITO ROMANO;;;Scontro frontale/laterale DX fra veicoli in marcia;Incrocio;Una carreggiata a doppio senso;Asciutto;Asfaltata;Verticale ed orizzontale;Sereno;Normale;Buona;Ore Diurne;1;0;0;1;12,64366;41,95675;-1;1;Autovettura privata;In marcia / fermata / arresto;Conducente;F;Illeso;0;;Non accertato;Inesploso
3445910;5;04/09/2017 12:40;Strada Urbana;VIA DI MARCO SIMONE;all'intersezione con;VIA SAN VITO ROMANO;VIA SAN VITO ROMANO;;;Scontro frontale/laterale DX fra veicoli in marcia;Incrocio;Una carreggiata a doppio senso;Asciutto;Asfaltata;Verticale ed orizzontale;Sereno;Normale;Buona;Ore Diurne;1;0;0;1;12,64366;41,95675;-1;2;Autocarro inferiore 35 q.;In marcia / fermata / arresto;Conducente;M;Rimandato;0;NON DECEDUTO;Non accertato;Inesploso
3445918;9;04/09/2017 18:15;Strada Urbana;VIA LA SPEZIA;all'intersezione semaforizzata con;VIA SAN SEVERO;VIA SAN SEVERO;;;Scontro laterale fra veicoli in marcia;Incrocio;Una carreggiata a senso unico di marcia;Asciutto;Asfaltata;Verticale ed orizzontale;Sereno;Normale;Buona;Ore Diurne;0;0;0;3;12,51283;41,88589;-1;1;Autobus turistico;In marcia / fermata / arresto;Conducente;M;Illeso;0;;Non accertato;Inesploso
3445918;9;04/09/2017 18:15;Strada Urbana;VIA LA SPEZIA;all'intersezione semaforizzata con;VIA SAN SEVERO;VIA SAN SEVERO;;;Scontro laterale fra veicoli in marcia;Incrocio;Una carreggiata a senso unico di marcia;Asciutto;Asfaltata;Verticale ed orizzontale;Sereno;Normale;Buona;Ore Diurne;0;0;0;3;12,51283;41,88589;-1;2;Autovettura privata;In marcia / fermata / arresto;Conducente;M;Illeso;0;;Non accertato;Inesploso
3445918;9;04/09/2017 18:15;Strada Urbana;VIA LA SPEZIA;all'intersezione semaforizzata con;VIA SAN SEVERO;VIA SAN SEVERO;;;Scontro laterale fra veicoli in marcia;Incrocio;Una carreggiata a senso unico di marcia;Asciutto;Asfaltata;Verticale ed orizzontale;Sereno;Normale;Buona;Ore Diurne;0;0;0;3;12,51283;41,88589;-1;2;Autovettura privata;In marcia / fermata / arresto;Passeggero;F;Illeso;0;;Non accertato;Inesploso
3445919;5;04/09/2017 13:15;Strada Urbana;VIA FIUMINATA;all'intersezione con;VIA FABRIANO;VIA FABRIANO;;;Scontro frontale/laterale SX fra veicoli in marcia;Incrocio;Una carreggiata a doppio senso;Asciutto;Asfaltata;Verticale ed orizzontale;Sereno;Normale;Buona;Ore Diurne;0;0;0;3;12,58441;41,94082;-1;1;Autovettura privata;In marcia / fermata / arresto;Conducente;M;Illeso;0;;Non accertato;Inesploso
3445919;5;04/09/2017 13:15;Strada Urbana;VIA FIUMINATA;all'intersezione con;VIA FABRIANO;VIA FABRIANO;;;Scontro frontale/laterale SX fra veicoli in marcia;Incrocio;Una carreggiata a doppio senso;Asciutto;Asfaltata;Verticale ed orizzontale;Sereno;Normale;Buona;Ore Diurne;0;0;0;3;12,58441;41,94082;-1;1;Autovettura privata;In marcia / fermata / arresto;Passeggero;F;Illeso;0;;Non accertato;Inesploso
3445919;5;04/09/2017 13:15;Strada Urbana;VIA FIUMINATA;all'intersezione con;VIA FABRIANO;VIA FABRIANO;;;Scontro frontale/laterale SX fra veicoli in marcia;Incrocio;Una carreggiata a doppio senso;Asciutto;Asfaltata;Verticale ed orizzontale;Sereno;Normale;Buona;Ore Diurne;0;0;0;3;12,58441;41,94082;-1;2;Autovettura privata;In marcia / fermata / arresto;Conducente;F;Illeso;0;;Non accertato;Inesploso
3445922;11;04/09/2017 12:00;Strada Urbana;VIA CRISTOFORO COLOMBO;da specificare;;;;prossimità VIA GENOCCHI;Scontro laterale fra veicoli in marcia;Rettilineo;Più di due carreggiate;Asciutto;Asfaltata;Verticale ed orizzontale;Sereno;Normale;Buona;Ore Diurne;0;0;0;3;12,49644;41,85859;-1;1;Autocarro inferiore 35 q.;In marcia / fermata / arresto;Conducente;M;Illeso;0;;Non accertato;
3445922;11;04/09/2017 12:00;Strada Urbana;VIA CRISTOFORO COLOMBO;da specificare;;;;prossimità VIA GENOCCHI;Scontro laterale fra veicoli in marcia;Rettilineo;Più di due carreggiate;Asciutto;Asfaltata;Verticale ed orizzontale;Sereno;Normale;Buona;Ore Diurne;0;0;0;3;12,49644;41,85859;-1;1;Autocarro inferiore 35 q.;In marcia / fermata / arresto;Passeggero;M;Illeso;0;;Non accertato;
3445922;11;04/09/2017 12:00;Strada Urbana;VIA CRISTOFORO COLOMBO;da specificare;;;;prossimità VIA GENOCCHI;Scontro laterale fra veicoli in marcia;Rettilineo;Più di due carreggiate;Asciutto;Asfaltata;Verticale ed orizzontale;Sereno;Normale;Buona;Ore Diurne;0;0;0;3;12,49644;41,85859;-1;2;Autovettura privata;In marcia / fermata / arresto;Conducente;M;Illeso;0;;Non accertato;
3445923;18;04/09/2017 19:10;Strada Urbana;PIAZZA PIO XI;in prossimità;;del civico n.;58;;Scontro frontale/laterale SX fra veicoli in marcia;Rettilineo;Più di due carreggiate;Asciutto;Asfaltata;Verticale ed orizzontale;Sereno;Intenso;Buona;Ore Diurne;1;0;0;2;12,43713;41,8946;-1;1;Autovettura privata;In marcia / fermata / arresto;Conducente;F;Illeso;0;;Non accertato;
3445923;18;04/09/2017 19:10;Strada Urbana;PIAZZA PIO XI;in prossimità;;del civico n.;58;;Scontro frontale/laterale SX fra veicoli in marcia;Rettilineo;Più di due carreggiate;Asciutto;Asfaltata;Verticale ed orizzontale;Sereno;Intenso;Buona;Ore Diurne;1;0;0;2;12,43713;41,8946;-1;1;Autovettura privata;In marcia / fermata / arresto;Passeggero;F;Illeso;0;;Non accertato;Inesploso
3445923;18;04/09/2017 19:10;Strada Urbana;PIAZZA PIO XI;in prossimità;;del civico n.;58;;Scontro frontale/laterale SX fra veicoli in marcia;Rettilineo;Più di due carreggiate;Asciutto;Asfaltata;Verticale ed orizzontale;Sereno;Intenso;Buona;Ore Diurne;1;0;0;2;12,43713;41,8946;-1;2;Motociclo a solo;In marcia / fermata / arresto;Conducente;F;Rimandato;0;NON DECEDUTO;Non accertato;
3445925;4;04/09/2017 11:30;Strada Urbana;VIA DON GIUSTINO MARIA RUSSOLILLO;in corrispondenza;;del civico n.;56;;Tamponamento Multiplo;Rettilineo;Una carreggiata a doppio senso;Asciutto;Asfaltata;Verticale ed orizzontale;Sereno;Normale;Buona;Ore Diurne;0;0;0;3;12,5181;41,97098;-1;1;Autovettura privata;In marcia / fermata / arresto;Conducente;M;Illeso;0;;Non accertato;
3445925;4;04/09/2017 11:30;Strada Urbana;VIA DON GIUSTINO MARIA RUSSOLILLO;in corrispondenza;;del civico n.;56;;Tamponamento Multiplo;Rettilineo;Una carreggiata a doppio senso;Asciutto;Asfaltata;Verticale ed orizzontale;Sereno;Normale;Buona;Ore Diurne;0;0;0;3;12,5181;41,97098;-1;2;Autovettura privata;In marcia / fermata / arresto;Conducente;M;Illeso;0;;Non accertato;
3445925;4;04/09/2017 11:30;Strada Urbana;VIA DON GIUSTINO MARIA RUSSOLILLO;in corrispondenza;;del civico n.;56;;Tamponamento Multiplo;Rettilineo;Una carreggiata a doppio senso;Asciutto;Asfaltata;Verticale ed orizzontale;Sereno;Normale;Buona;Ore Diurne;0;0;0;3;12,5181;41,97098;-1;3;Autovettura privata;In marcia / fermata / arresto;Conducente;F;Illeso;0;;;