Protocollo;Gruppo;DataOraIncidente;Localizzazione1;STRADA1;Localizzazione2;STRADA2;Strada02;Chilometrica;DaSpecificare;NaturaIncidente;particolaritastrade;TipoStrada;FondoStradale;Pavimentazione;Segnaletica;CondizioneAtmosferica;Traffico;Visibilita;Illuminazione;NUM_FERITI;NUM_RISERVATA;NUM_MORTI;NUM_ILLESI;Longitudine;Latitudine;Confermato;Progressivo;TipoVeicolo;StatoVeicolo;TipoPersona;Sesso;Tipolesione;Deceduto;DecedutoDopo;CinturaCascoUtilizzato;Airbag
3445926;19;04/09/2017 16:45;Strada Urbana;GALLERIA GIOVANNI XXIII;in prossimità;;della chilometrica;1.5;;Veicolo in marcia contro ostacolo fisso;Galleria illuminata;Una carreggiata a senso unico di marcia;Asciutto;Asfaltata;Verticale ed orizzontale;Sereno;Normale;Buona;Sufficiente;1;0;0;0;12,44128;41,94052;-1;1;Autovettura privata;In marcia / fermata / arresto;Conducente;M;Rimandato;0;NON DECEDUTO;;
3445932;7;04/09/2017 13:25;Strada Urbana;VIA DI TOR TRE TESTE;all'intersezione con;VIA WALTER TOBAGI;VIA WALTER TOBAGI;;;Ribaltamento senza urto contro ostacolo fisso;Incrocio;Una carreggiata a doppio senso;Asciutto;Asfaltata;Verticale ed orizzontale;Sereno;Normale;Buona;Ore Diurne;1;0;0;1;12,59171;41,8811;-1;1;Autovettura privata;In marcia / fermata / arresto;Conducente;F;Illeso;0;;Non accertato;Inesploso
3445932;7;04/09/2017 13:25;Strada Urbana;VIA DI TOR TRE TESTE;all'intersezione con;VIA WALTER TOBAGI;VIA WALTER TOBAGI;;;Ribaltamento senza urto contro ostacolo fisso;Incrocio;Una carreggiata a doppio senso;Asciutto;Asfaltata;Verticale ed orizzontale;Sereno;Normale;Buona;Ore Diurne;1;0;0;1;12,59171;41,8811;-1;2;Motociclo a solo;In marcia / fermata / arresto;Conducente;M;Rifiuta cure immediate;0;NON DECEDUTO;Non accertato;
3445936;18;04/09/2017 18:30;Strada Urbana;PIAZZA IRNERIO;da specificare;;;;in prossimita' di Via di Boccea;Scontro laterale fra veicoli in marcia;Rettilineo;Due carreggiate;Asciutto;Asfaltata;Verticale ed orizzontale;Sereno;Intenso;Buona;Ore Diurne;1;0;0;3;12,4295;41,89857;-1;1;Autovettura privata;In marcia / fermata / arresto;Conducente;M;Illeso;0;;;
3445936;18;04/09/2017 18:30;Strada Urbana;PIAZZA IRNERIO;da specificare;;;;in prossimita' di Via di Boccea;Scontro laterale fra veicoli in marcia;Rettilineo;Due carreggiate;Asciutto;Asfaltata;Verticale ed orizzontale;Sereno;Intenso;Buona;Ore Diurne;1;0;0;3;12,4295;41,89857;-1;1;Autovettura privata;In marcia / fermata / arresto;Passeggero;F;Illeso;0;;;
3445936;18;04/09/2017 18:30;Strada Urbana;PIAZZA IRNERIO;da specificare;;;;in prossimita' di Via di Boccea;Scontro laterale fra veicoli in marcia;Rettilineo;Due carreggiate;Asciutto;Asfaltata;Verticale ed orizzontale;Sereno;Intenso;Buona;Ore Diurne;1;0;0;3;12,4295;41,89857;-1;2;Autovettura privata;In marcia / fermata / arresto;Conducente;M;Illeso;0;;;
3445936;18;04/09/2017 18:30;Strada Urbana;PIAZZA IRNERIO;da specificare;;;;in prossimita' di Via di Boccea;Scontro laterale fra veicoli in marcia;Rettilineo;Due carreggiate;Asciutto;Asfaltata;Verticale ed orizzontale;Sereno;Intenso;Buona;Ore Diurne;1;0;0;3;12,4295;41,89857;-1;2;Autovettura privata;In marcia / fermata / arresto;Passeggero;F;Rifiuta cure immediate;0;NON DECEDUTO;;
3445945;4;04/09/2017 10:30;Strada Urbana;VIA NOMENTANA;in corrispondenza;;del civico n.;549;;Investimento di pedone;Rettilineo;Più di due carreggiate;Asciutto;Asfaltata;Verticale ed orizzontale;Sereno;Normale;Buona;Ore Diurne;1;0;0;1;12,52776;41,93187;-1;;;;Pedone;F;Ricoverato;0;NON DECEDUTO;;
3445945;4;04/09/2017 10:30;Strada Urbana;VIA NOMENTANA;in corrispondenza;;del civico n.;549;;Investimento di pedone;Rettilineo;Più di due carreggiate;Asciutto;Asfaltata;Verticale ed orizzontale;Sereno;Normale;Buona;Ore Diurne;1;0;0;1;12,52776;41,93187;-1;1;Motociclo a solo;In marcia / fermata / arresto;Conducente;M;Illeso;0;;Non accertato;
3445950;8;04/09/2017 18:15;Strada Urbana;VIA DI ROCCA CENCIA;in prossimità;;del civico n.;99;;Tamponamento;Rettilineo;Una carreggiata a doppio senso;Asciutto;Asfaltata;Orizzontale;Sereno;Normale;Buona;Ore Diurne;1;0;0;3;12,68893;41,86679;-1;1;Autovettura privata;In marcia / fermata / arresto;Conducente;F;Illeso;0;;Non accertato;Inesploso
3445950;8;04/09/2017 18:15;Strada Urbana;VIA DI ROCCA CENCIA;in prossimità;;del civico n.;99;;Tamponamento;Rettilineo;Una carreggiata a doppio senso;Asciutto;Asfaltata;Orizzontale;Sereno;Normale;Buona;Ore Diurne;1;0;0;3;12,68893;41,86679;-1;1;Autovettura privata;In marcia / fermata / arresto;Passeggero;F;Illeso;0;;Non utilizzato;Inesploso
3445950;8;04/09/2017 18:15;Strada Urbana;VIA DI ROCCA CENCIA;in prossimità;;del civico n.;99;;Tamponamento;Rettilineo;Una carreggiata a doppio senso;Asciutto;Asfaltata;Orizzontale;Sereno;Normale;Buona;Ore Diurne;1;0;0;3;12,68893;41,86679;-1;1;Autovettura privata;In marcia / fermata / arresto;Passeggero;F;Illeso;0;;Non accertato;Inesploso
3445950;8;04/09/2017 18:15;Strada Urbana;VIA DI ROCCA CENCIA;in prossimità;;del civico n.;99;;Tamponamento;Rettilineo;Una carreggiata a doppio senso;Asciutto;Asfaltata;Orizzontale;Sereno;Normale;Buona;Ore Diurne;1;0;0;3;12,68893;41,86679;-1;2;Motociclo a solo;In marcia / fermata / arresto;Conducente;M;Rifiuta cure immediate;0;NON DECEDUTO;Non accertato;
3445953;20;04/09/2017 12:00;Strada Urbana;VIA FLAMINIA;da specificare;;;;km. 7,200;Tamponamento Multiplo;Rettilineo;Una carreggiata a doppio senso;Asciutto;Asfaltata;Orizzontale;Sereno;Normale;Buona;Ore Diurne;1;0;0;2;12,47183;41,94192;-1;1;Autovettura privata;In marcia / fermata / arresto;Conducente;M;Illeso;0;;;
3445953;20;04/09/2017 12:00;Strada Urbana;VIA FLAMINIA;da specificare;;;;km. 7,200;Tamponamento Multiplo;Rettilineo;Una carreggiata a doppio senso;Asciutto;Asfaltata;Orizzontale;Sereno;Normale;Buona;Ore Diurne;1;0;0;2;12,47183;41,94192;-1;2;Autovettura di polizia;In marcia / fermata / arresto;Conducente;M;Rifiuta cure immediate;0;NON DECEDUTO;Non accertato;
3445953;20;04/09/2017 12:00;Strada Urbana;VIA FLAMINIA;da specificare;;;;km. 7,200;Tamponamento Multiplo;Rettilineo;Una carreggiata a doppio senso;Asciutto;Asfaltata;Orizzontale;Sereno;Normale;Buona;Ore Diurne;1;0;0;2;12,47183;41,94192;-1;3;Autovettura privata;In marcia / fermata / arresto;Conducente;M;Illeso;0;;;
3445957;6;05/09/2017 06:50;Strada Urbana;VIALE DELLA SERENISSIMA;all'intersezione semaforizzata con;VIALE DELLA VENEZIA GIULIA;VIALE DELLA VENEZIA GIULIA;;;Veicolo in marcia contro veicolo in sosta;Intersezione semaforizzata;Una carreggiata a doppio senso;Asciutto;Asfaltata;Verticale ed orizzontale;Sereno;Normale;Buona;Ore Diurne;0;0;0;1;12,55892;41,8967;-1;1;Autovettura privata;In marcia / fermata / arresto;Conducente;M;Illeso;0;;Non accertato;Inesploso
3445960;11;04/09/2017 17:15;Strada Urbana;VIA DI TOR CARBONE;da specificare;;;;prossimità VIA PAPIRIO CARBONE;Scontro laterale fra veicoli in marcia;Rettilineo;Una carreggiata a doppio senso;Asciutto;Asfaltata;Verticale;Sereno;Intenso;Buona;Ore Diurne;0;0;0;2;12,53396;41,83222;-1;1;Motociclo a solo;In marcia / fermata / arresto;Conducente;M;Illeso;0;;Non accertato;
3445960;11;04/09/2017 17:15;Strada Urbana;VIA DI TOR CARBONE;da specificare;;;;prossimità VIA PAPIRIO CARBONE;Scontro laterale fra veicoli in marcia;Rettilineo;Una carreggiata a doppio senso;Asciutto;Asfaltata;Verticale;Sereno;Intenso;Buona;Ore Diurne;0;0;0;2;12,53396;41,83222;-1;2;Autovettura privata;In marcia / fermata / arresto;Conducente;M;Illeso;0;;Non accertato;
3445961;8;04/09/2017 16:40;Strada Urbana;VIA AMICO ASPERTINI;in prossimità;;del civico n.;343;;Tamponamento;Rettilineo;Una carreggiata a doppio senso;Asciutto;Asfaltata;Orizzontale;Sereno;Normale;Buona;Ore Diurne;1;0;0;4;12,62963;41,87186;-1;1;Autovettura privata;In marcia / fermata / arresto;Conducente;F;Illeso;0;;Non accertato;Inesploso
3445961;8;04/09/2017 16:40;Strada Urbana;VIA AMICO ASPERTINI;in prossimità;;del civico n.;343;;Tamponamento;Rettilineo;Una carreggiata a doppio senso;Asciutto;Asfaltata;Orizzontale;Sereno;Normale;Buona;Ore Diurne;1;0;0;4;12,62963;41,87186;-1;1;Autovettura privata;In marcia / fermata / arresto;Passeggero;M;Rifiuta cure immediate;0;NON DECEDUTO;Non accertato;Inesploso
3445961;8;04/09/2017 16:40;Strada Urbana;VIA AMICO ASPERTINI;in prossimità;;del civico n.;343;;Tamponamento;Rettilineo;Una carreggiata a doppio senso;Asciutto;Asfaltata;Orizzontale;Sereno;Normale;Buona;Ore Diurne;1;0;0;4;12,62963;41,87186;-1;1;Autovettura privata;In marcia / fermata / arresto;Passeggero;M;Illeso;0;;Non accertato;Inesploso
3445961;8;04/09/2017 16:40;Strada Urbana;VIA AMICO ASPERTINI;in prossimità;;del civico n.;343;;Tamponamento;Rettilineo;Una carreggiata a doppio senso;Asciutto;Asfaltata;Orizzontale;Sereno;Normale;Buona;Ore Diurne;1;0;0;4;12,62963;41,87186;-1;1;Autovettura privata;In marcia / fermata / arresto;Passeggero;M;Illeso;0;;Non accertato;Inesploso
3445961;8;04/09/2017 16:40;Strada Urbana;VIA AMICO ASPERTINI;in prossimità;;del civico n.;343;;Tamponamento;Rettilineo;Una carreggiata a doppio senso;Asciutto;Asfaltata;Orizzontale;Sereno;Normale;Buona;Ore Diurne;1;0;0;4;12,62963;41,87186;-1;2;Autovettura privata;In marcia / fermata / arresto;Conducente;M;Illeso;0;;Non accertato;Inesploso
3445962;1;04/09/2017 14:35;Strada Urbana;PONTE PRINCIPE AMEDEO SAVOIA AOSTA;all'intersezione con;VIA ACCIAIOLI;VIA ACCIAIOLI;;;Scontro laterale fra veicoli in marcia;Incrocio;Più di due carreggiate;Asciutto;Asfaltata;Verticale ed orizzontale;Sereno;Normale;Buona;Ore Diurne;4;0;0;4;12,4634;41,89976;-1;1;Autovettura privata;In marcia / fermata / arresto;Conducente;M;Illeso;0;;;
3445962;1;04/09/2017 14:35;Strada Urbana;PONTE PRINCIPE AMEDEO SAVOIA AOSTA;all'intersezione con;VIA ACCIAIOLI;VIA ACCIAIOLI;;;Scontro laterale fra veicoli in marcia;Incrocio;Più di due carreggiate;Asciutto;Asfaltata;Verticale ed orizzontale;Sereno;Normale;Buona;Ore Diurne;4;0;0;4;12,4634;41,89976;-1;1;Autovettura privata;In marcia / fermata / arresto;Passeggero;F;Illeso;0;;;
3445962;1;04/09/2017 14:35;Strada Urbana;PONTE PRINCIPE AMEDEO SAVOIA AOSTA;all'intersezione con;VIA ACCIAIOLI;VIA ACCIAIOLI;;;Scontro laterale fra veicoli in marcia;Incrocio;Più di due carreggiate;Asciutto;Asfaltata;Verticale ed orizzontale;Sereno;Normale;Buona;Ore Diurne;4;0;0;4;12,4634;41,89976;-1;1;Autovettura privata;In marcia / fermata / arresto;Passeggero;F;Illeso;0;;;
3445962;1;04/09/2017 14:35;Strada Urbana;PONTE PRINCIPE AMEDEO SAVOIA AOSTA;all'intersezione con;VIA ACCIAIOLI;VIA ACCIAIOLI;;;Scontro laterale fra veicoli in marcia;Incrocio;Più di due carreggiate;Asciutto;Asfaltata;Verticale ed orizzontale;Sereno;Normale;Buona;Ore Diurne;4;0;0;4;12,4634;41,89976;-1;1;Autovettura privata;In marcia / fermata / arresto;Passeggero;F;Illeso;0;;;
3445962;1;04/09/2017 14:35;Strada Urbana;PONTE PRINCIPE AMEDEO SAVOIA AOSTA;all'intersezione con;VIA ACCIAIOLI;VIA ACCIAIOLI;;;Scontro laterale fra veicoli in marcia;Incrocio;Più di due carreggiate;Asciutto;Asfaltata;Verticale ed orizzontale;Sereno;Normale;Buona;Ore Diurne;4;0;0;4;12,4634;41,89976;-1;2;Autovettura di polizia;In marcia / fermata / arresto;Conducente;M;Rimandato;0;NON DECEDUTO;;
3445962;1;04/09/2017 14:35;Strada Urbana;PONTE PRINCIPE AMEDEO SAVOIA AOSTA;all'intersezione con;VIA ACCIAIOLI;VIA ACCIAIOLI;;;Scontro laterale fra veicoli in marcia;Incrocio;Più di due carreggiate;Asciutto;Asfaltata;Verticale ed orizzontale;Sereno;Normale;Buona;Ore Diurne;4;0;0;4;12,4634;41,89976;-1;2;Autovettura di polizia;In marcia / fermata / arresto;Passeggero;M;Rimandato;0;NON DECEDUTO;;
3445962;1;04/09/2017 14:35;Strada Urbana;PONTE PRINCIPE AMEDEO SAVOIA AOSTA;all'intersezione con;VIA ACCIAIOLI;VIA ACCIAIOLI;;;Scontro laterale fra veicoli in marcia;Incrocio;Più di due carreggiate;Asciutto;Asfaltata;Verticale ed orizzontale;Sereno;Normale;Buona;Ore Diurne;4;0;0;4;12,4634;41,89976;-1;2;Autovettura di polizia;In marcia / fermata / arresto;Passeggero;M;Rimandato;0;NON DECEDUTO;;
3445962;1;04/09/2017 14:35;Strada Urbana;PONTE PRINCIPE AMEDEO SAVOIA AOSTA;all'intersezione con;VIA ACCIAIOLI;VIA ACCIAIOLI;;;Scontro laterale fra veicoli in marcia;Incrocio;Più di due carreggiate;Asciutto;Asfaltata;Verticale ed orizzontale;Sereno;Normale;Buona;Ore Diurne;4;0;0;4;12,4634;41,89976;-1;2;Autovettura di polizia;In marcia / fermata / arresto;Passeggero;M;Rimandato;0;NON DECEDUTO;;
3445964;20;04/09/2017 11:35;Regionale entro l'abitato;VIA CASSIA;all'intersezione con;VIALE CORTINA D'AMPEZZO;VIALE CORTINA D'AMPEZZO;;;Scontro laterale fra veicoli in marcia;Intersezione stradale segnalata;Una carreggiata a doppio senso;Asciutto;Asfaltata;Verticale ed orizzontale;Sereno;Intenso;Buona;Ore Diurne;1;0;0;1;12,45668;41,9528;-1;1;Motociclo a solo;In marcia / fermata / arresto;Conducente;M;Rimandato;0;NON DECEDUTO;Non accertato;
3445964;20;04/09/2017 11:35;Regionale entro l'abitato;VIA CASSIA;all'intersezione con;VIALE CORTINA D'AMPEZZO;VIALE CORTINA D'AMPEZZO;;;Scontro laterale fra veicoli in marcia;Intersezione stradale segnalata;Una carreggiata a doppio senso;Asciutto;Asfaltata;Verticale ed orizzontale;Sereno;Intenso;Buona;Ore Diurne;1;0;0;1;12,45668;41,9528;-1;2;Autovettura privata;In marcia / fermata / arresto;Conducente;M;Illeso;0;;Non accertato;Inesploso
3445968;8;04/09/2017 09:00;Strada Urbana;VIA AMICO ASPERTINI;da specificare;;;;strad. di coll. v. Aspertini e v. Tor Bella Monaca;Scontro laterale fra veicoli in marcia;Rettilineo;Una carreggiata a doppio senso;Asciutto;Asfaltata;Verticale ed orizzontale;Sereno;Normale;Buona;Ore Diurne;2;0;0;1;12,62994;41,87279;-1;1;Autovettura privata;In marcia / fermata / arresto;Conducente;M;Ricoverato;0;NON DECEDUTO;Non accertato;Inesploso
3445968;8;04/09/2017 09:00;Strada Urbana;VIA AMICO ASPERTINI;da specificare;;;;strad. di coll. v. Aspertini e v. Tor Bella Monaca;Scontro laterale fra veicoli in marcia;Rettilineo;Una carreggiata a doppio senso;Asciutto;Asfaltata;Verticale ed orizzontale;Sereno;Normale;Buona;Ore Diurne;2;0;0;1;12,62994;41,87279;-1;1;Autovettura privata;In marcia / fermata / arresto;Passeggero;M;Ricoverato;0;NON DECEDUTO;Non accertato;
3445968;8;04/09/2017 09:00;Strada Urbana;VIA AMICO ASPERTINI;da specificare;;;;strad. di coll. v. Aspertini e v. Tor Bella Monaca;Scontro laterale fra veicoli in marcia;Rettilineo;Una carreggiata a doppio senso;Asciutto;Asfaltata;Verticale ed orizzontale;Sereno;Normale;Buona;Ore Diurne;2;0;0;1;12,62994;41,87279;-1;2;Autovettura privata;In marcia / fermata / arresto;Conducente;M;Illeso;0;;Non accertato;
3445969;8;04/09/2017 10:00;Strada Urbana;VIA CORNELIO SISENNA;in prossimità;;del civico n.;2;;Investimento di pedone;Rettilineo;Una carreggiata a doppio senso;Asciutto;Asfaltata;Verticale ed orizzontale;Sereno;Normale;Buona;Ore Diurne;1;0;0;0;12,57673;41,87007;-1;;;;Pedone;F;Rifiuta cure immediate;0;NON DECEDUTO;;
3445973;8;04/09/2017 08:20;Strada Urbana;VIA DI SALONE;in prossimità;;del civico n.;314;;Tamponamento Multiplo;Rettilineo;Una carreggiata a doppio senso;Asciutto;Asfaltata;Orizzontale;Sereno;Normale;Sufficiente;Ore Diurne;1;0;0;4;12,63486;41,9207;-1;1;Autocarro inferiore 35 q.;In marcia / fermata / arresto;Conducente;M;Illeso;0;;Non accertato;Inesploso
3445973;8;04/09/2017 08:20;Strada Urbana;VIA DI SALONE;in prossimità;;del civico n.;314;;Tamponamento Multiplo;Rettilineo;Una carreggiata a doppio senso;Asciutto;Asfaltata;Orizzontale;Sereno;Normale;Sufficiente;Ore Diurne;1;0;0;4;12,63486;41,9207;-1;2;Autovettura privata;In marcia / fermata / arresto;Conducente;M;Illeso;0;;Non accertato;Inesploso
3445973;8;04/09/2017 08:20;Strada Urbana;VIA DI SALONE;in prossimità;;del civico n.;314;;Tamponamento Multiplo;Rettilineo;Una carreggiata a doppio senso;Asciutto;Asfaltata;Orizzontale;Sereno;Normale;Sufficiente;Ore Diurne;1;0;0;4;12,63486;41,9207;-1;3;Autocarro inferiore 35 q.;In marcia / fermata / arresto;Conducente;M;Illeso;0;;Non accertato;Inesploso
3445973;8;04/09/2017 08:20;Strada Urbana;VIA DI SALONE;in prossimità;;del civico n.;314;;Tamponamento Multiplo;Rettilineo;Una carreggiata a doppio senso;Asciutto;Asfaltata;Orizzontale;Sereno;Normale;Sufficiente;Ore Diurne;1;0;0;4;12,63486;41,9207;-1;3;Autocarro inferiore 35 q.;In marcia / fermata / arresto;Passeggero;F;Rimandato;0;NON DECEDUTO;Non accertato;Inesploso
3445973;8;04/09/2017 08:20;Strada Urbana;VIA DI SALONE;in prossimità;;del civico n.;314;;Tamponamento Multiplo;Rettilineo;Una carreggiata a doppio senso;Asciutto;Asfaltata;Orizzontale;Sereno;Normale;Sufficiente;Ore Diurne;1;0;0;4;12,63486;41,9207;-1;4;Autocarro inferiore 35 q.;In marcia / fermata / arresto;Conducente;M;Illeso;0;;Non accertato;Inesploso
3445974;7;04/09/2017 07:45;Strada Urbana;VIA COLLATINA;all'intersezione con;VIA GIOVANNI CAPRANESI;VIA GIOVANNI CAPRANESI;;;Scontro frontale/laterale DX fra veicoli in marcia;Incrocio;Una carreggiata a doppio senso;Asciutto;Asfaltata;Verticale ed orizzontale;Sereno;Normale;Buona;Ore Diurne;1;0;0;1;12,66611;41,92234;-1;1;Autovettura privata;In marcia / fermata / arresto;Conducente;F;Illeso;0;;;
3445974;7;04/09/2017 07:45;Strada Urbana;VIA COLLATINA;all'intersezione con;VIA GIOVANNI CAPRANESI;VIA GIOVANNI CAPRANESI;;;Scontro frontale/laterale DX fra veicoli in marcia;Incrocio;Una carreggiata a doppio senso;Asciutto;Asfaltata;Verticale ed orizzontale;Sereno;Normale;Buona;Ore Diurne;1;0;0;1;12,66611;41,92234;-1;2;Motociclo a solo;In marcia / fermata / arresto;Conducente;M;Rimandato;0;NON DECEDUTO;;
3445975;4;04/09/2017 11:30;Strada Urbana;VIALE JONIO;da specificare;;;;all'intersezione via Lampedusa;Veicolo in marcia contro ostacolo fisso;Rettilineo;Due carreggiate;Asciutto;Asfaltata;Verticale ed orizzontale;Sereno;Normale;Buona;Ore Diurne;0;0;0;2;12,53623;41,94411;-1;1;Autovettura privata;In marcia / fermata / arresto;Conducente;M;Illeso;0;;;
3445975;4;04/09/2017 11:30;Strada Urbana;VIALE JONIO;da specificare;;;;all'intersezione via Lampedusa;Veicolo in marcia contro ostacolo fisso;Rettilineo;Due carreggiate;Asciutto;Asfaltata;Verticale ed orizzontale;Sereno;Normale;Buona;Ore Diurne;0;0;0;2;12,53623;41,94411;-1;2;Autovettura privata;In marcia / fermata / arresto;Conducente;F;Illeso;0;;Non accertato;
3445977;11;04/09/2017 18:20;Strada Urbana;VIA FRANCESCO ANTONIO PIGAFETTA;all'intersezione con;VIA GIROLAMO BENZONI;VIA GIROLAMO BENZONI;;;Tamponamento;Incrocio;Una carreggiata a senso unico di marcia;Asciutto;Asfaltata;Verticale ed orizzontale;Sereno;Normale;Buona;Ore Diurne;0;0;0;3;12,4846;41,87007;-1;1;Autovettura privata;In marcia / fermata / arresto;Conducente;F;Illeso;0;;Non accertato;
3445977;11;04/09/2017 18:20;Strada Urbana;VIA FRANCESCO ANTONIO PIGAFETTA;all'intersezione con;VIA GIROLAMO BENZONI;VIA GIROLAMO BENZONI;;;Tamponamento;Incrocio;Una carreggiata a senso unico di marcia;Asciutto;Asfaltata;Verticale ed orizzontale;Sereno;Normale;Buona;Ore Diurne;0;0;0;3;12,4846;41,87007;-1;2;Autovettura di polizia;In marcia / fermata / arresto;Conducente;M;Illeso;0;;Non accertato;
3445977;11;04/09/2017 18:20;Strada Urbana;VIA FRANCESCO ANTONIO PIGAFETTA;all'intersezione con;VIA GIROLAMO BENZONI;VIA GIROLAMO BENZONI;;;Tamponamento;Incrocio;Una carreggiata a senso unico di marcia;Asciutto;Asfaltata;Verticale ed orizzontale;Sereno;Normale;Buona;Ore Diurne;0;0;0;3;12,4846;41,87007;-1;2;Autovettura di polizia;In marcia / fermata / arresto;Passeggero;M;Illeso;0;;;
3445979;8;04/09/2017 08:15;Strada Urbana;VIA DEL TORRACCIO DI TORRENOVA;all'intersezione con;VIA GIOVANNI BERNARDI;VIA GIOVANNI BERNARDI;;;Investimento di pedone;Incrocio;Una carreggiata a doppio senso;Asciutto;Asfaltata;Verticale ed orizzontale;Sereno;Normale;Buona;Ore Diurne;1;0;0;1;12,62578;41,86848;-1;;;;Pedone;M;Rimandato;0;NON DECEDUTO;;
3445979;8;04/09/2017 08:15;Strada Urbana;VIA DEL TORRACCIO DI TORRENOVA;all'intersezione con;VIA GIOVANNI BERNARDI;VIA GIOVANNI BERNARDI;;;Investimento di pedone;Incrocio;Una carreggiata a doppio senso;Asciutto;Asfaltata;Verticale ed orizzontale;Sereno;Normale;Buona;Ore Diurne;1;0;0;1;12,62578;41,86848;-1;1;Autovettura privata;In marcia / fermata / arresto;Conducente;M;Illeso;0;;Non accertato;Inesploso
3445980;15;04/09/2017 18:50;Strada Urbana;VIA DELLA MAGLIANA;da specificare;;;;rampa d'accesso viadotto della Magliana direz. EUR;Scontro laterale fra veicoli in marcia;Rettilineo;Una carreggiata a senso unico di marcia;Asciutto;Asfaltata;Verticale ed orizzontale;Sereno;Scarso;Buona;Ore Diurne;0;0;0;2;12,4243;41,83404;-1;1;Autovettura privata;In marcia / fermata / arresto;Conducente;F;Illeso;0;;;
3445980;15;04/09/2017 18:50;Strada Urbana;VIA DELLA MAGLIANA;da specificare;;;;rampa d'accesso viadotto della Magliana direz. EUR;Scontro laterale fra veicoli in marcia;Rettilineo;Una carreggiata a senso unico di marcia;Asciutto;Asfaltata;Verticale ed orizzontale;Sereno;Scarso;Buona;Ore Diurne;0;0;0;2;12,4243;41,83404;-1;2;Autocarro inferiore 35 q.;In marcia / fermata / arresto;Conducente;M;Illeso;0;;;
3445983;8;04/09/2017 13:00;Strada Urbana;VIALE DELLA SORBONA;da specificare;;;;prossimità via Stanford;Tamponamento;Rettilineo;Due carreggiate;Asciutto;Asfaltata;Verticale ed orizzontale;Sereno;Normale;Buona;Ore Diurne;1;0;0;2;12,61209;41,85466;-1;1;Autovettura privata;In marcia / fermata / arresto;Conducente;M;Rifiuta cure immediate;0;NON DECEDUTO;Non accertato;Inesploso
3445983;8;04/09/2017 13:00;Strada Urbana;VIALE DELLA SORBONA;da specificare;;;;prossimità via Stanford;Tamponamento;Rettilineo;Due carreggiate;Asciutto;Asfaltata;Verticale ed orizzontale;Sereno;Normale;Buona;Ore Diurne;1;0;0;2;12,61209;41,85466;-1;2;Autovettura privata;In marcia / fermata / arresto;Conducente;M;Illeso;0;;Non accertato;Inesploso
3445983;8;04/09/2017 13:00;Strada Urbana;VIALE DELLA SORBONA;da specificare;;;;prossimità via Stanford;Tamponamento;Rettilineo;Due carreggiate;Asciutto;Asfaltata;Verticale ed orizzontale;Sereno;Normale;Buona;Ore Diurne;1;0;0;2;12,61209;41,85466;-1;2;Autovettura privata;In marcia / fermata / arresto;Passeggero;M;Illeso;0;;Non accertato;Inesploso
3445993;4;04/09/2017 11:45;Statale;VIA SALARIA;in corrispondenza;;del civico n.;1392;;Scontro laterale fra veicoli in marcia;Rettilineo;Una carreggiata a senso unico di marcia;Asciutto;Asfaltata;Verticale;Sereno;Normale;Buona;Ore Diurne;0;0;0;3;12,51859;42,00251;-1;1;Autovettura privata;In marcia / fermata / arresto;Conducente;F;Illeso;0;;Non accertato;
3445993;4;04/09/2017 11:45;Statale;VIA SALARIA;in corrispondenza;;del civico n.;1392;;Scontro laterale fra veicoli in marcia;Rettilineo;Una carreggiata a senso unico di marcia;Asciutto;Asfaltata;Verticale;Sereno;Normale;Buona;Ore Diurne;0;0;0;3;12,51859;42,00251;-1;1;Autovettura privata;In marcia / fermata / arresto;Passeggero;F;Illeso;0;;Non accertato;
3445993;4;04/09/2017 11:45;Statale;VIA SALARIA;in corrispondenza;;del civico n.;1392;;Scontro laterale fra veicoli in marcia;Rettilineo;Una carreggiata a senso unico di marcia;Asciutto;Asfaltata;Verticale;Sereno;Normale;Buona;Ore Diurne;0;0;0;3;12,51859;42,00251;-1;2;Autovettura privata;In marcia / fermata / arresto;Conducente;M;Illeso;0;;Non accertato;
3445999;4;04/09/2017 14:30;Strada Urbana;PIAZZA CONCA D'ORO;all'intersezione con;VIA DELLE VALLI;VIA DELLE VALLI;;;Scontro frontale/laterale SX fra veicoli in marcia;Incrocio;Due carreggiate;Asciutto;Asfaltata;Verticale ed orizzontale;Sereno;Scarso;Buona;Ore Diurne;0;0;0;3;12,5275;41,93913;-1;1;Autocarro inferiore 35 q.;In marcia / fermata / arresto;Conducente;M;Illeso;0;;;
3445999;4;04/09/2017 14:30;Strada Urbana;PIAZZA CONCA D'ORO;all'intersezione con;VIA DELLE VALLI;VIA DELLE VALLI;;;Scontro frontale/laterale SX fra veicoli in marcia;Incrocio;Due carreggiate;Asciutto;Asfaltata;Verticale ed orizzontale;Sereno;Scarso;Buona;Ore Diurne;0;0;0;3;12,5275;41,93913;-1;1;Autocarro inferiore 35 q.;In marcia / fermata / arresto;Passeggero;M;Illeso;0;;;
3445999;4;04/09/2017 14:30;Strada Urbana;PIAZZA CONCA D'ORO;all'intersezione con;VIA DELLE VALLI;VIA DELLE VALLI;;;Scontro frontale/laterale SX fra veicoli in marcia;Incrocio;Due carreggiate;Asciutto;Asfaltata;Verticale ed orizzontale;Sereno;Scarso;Buona;Ore Diurne;0;0;0;3;12,5275;41,93913;-1;2;Autovettura privata;In marcia / fermata / arresto;Conducente;M;Illeso;0;;;
3446005;13;04/09/2017 08:30;Strada Urbana;VIA BEDONIA;all'intersezione con;VIA CASINA;VIA CASINA;;;Scontro frontale/laterale SX fra veicoli in marcia;Incrocio;Una carreggiata a doppio senso;Asciutto;Asfaltata;Assente;Sereno;Scarso;Buona;Ore Diurne;1;0;0;1;12,3778;41,7806;-1;1;Autovettura privata;In marcia / fermata / arresto;Conducente;F;Rimandato;0;NON DECEDUTO;Non accertato;Inesploso