Protocollo;Gruppo;DataOraIncidente;Localizzazione1;STRADA1;Localizzazione2;STRADA2;Strada02;Chilometrica;DaSpecificare;NaturaIncidente;particolaritastrade;TipoStrada;FondoStradale;Pavimentazione;Segnaletica;CondizioneAtmosferica;Traffico;Visibilita;Illuminazione;NUM_FERITI;NUM_RISERVATA;NUM_MORTI;NUM_ILLESI;Longitudine;Latitudine;Confermato;Progressivo;TipoVeicolo;StatoVeicolo;TipoPersona;Sesso;Tipolesione;Deceduto;DecedutoDopo;CinturaCascoUtilizzato;Airbag
3454092;5;09/09/2017 16:10;Strada Urbana;VIA PIER SILVERIO LEICHT;all'intersezione con;VIA PASQUALE TUOZZI;VIA PASQUALE TUOZZI;;;Scontro frontale/laterale SX fra veicoli in marcia;Incrocio;Due carreggiate;Asciutto;Asfaltata;Verticale ed orizzontale;Sereno;Normale;Buona;Ore Diurne;0;1;0;3;12,58539;41,95023;-1;2;Autovettura privata;In marcia / fermata / arresto;Conducente;F;Illeso;0;;Non accertato;
3454092;5;09/09/2017 16:10;Strada Urbana;VIA PIER SILVERIO LEICHT;all'intersezione con;VIA PASQUALE TUOZZI;VIA PASQUALE TUOZZI;;;Scontro frontale/laterale SX fra veicoli in marcia;Incrocio;Due carreggiate;Asciutto;Asfaltata;Verticale ed orizzontale;Sereno;Normale;Buona;Ore Diurne;0;1;0;3;12,58539;41,95023;-1;3;Autovettura privata;In marcia / fermata / arresto;Conducente;M;Illeso;0;;Non accertato;
3454092;5;09/09/2017 16:10;Strada Urbana;VIA PIER SILVERIO LEICHT;all'intersezione con;VIA PASQUALE TUOZZI;VIA PASQUALE TUOZZI;;;Scontro frontale/laterale SX fra veicoli in marcia;Incrocio;Due carreggiate;Asciutto;Asfaltata;Verticale ed orizzontale;Sereno;Normale;Buona;Ore Diurne;0;1;0;3;12,58539;41,95023;-1;3;Autovettura privata;In marcia / fermata / arresto;Passeggero;M;Illeso;0;;Non accertato;
3454095;8;09/09/2017 10:35;Strada Urbana;VIA DI LUNGHEZZINA;in corrispondenza;;del civico n.;302;;Scontro frontale/laterale SX fra veicoli in marcia;Rettilineo;Una carreggiata a doppio senso;Asciutto;Asfaltata;Orizzontale;Nebbia;Intenso;Buona;Ore Diurne;1;0;0;4;12,72722;41,91119;-1;1;Autovettura privata;In marcia / fermata / arresto;Conducente;M;Illeso;0;;Non accertato;
3454095;8;09/09/2017 10:35;Strada Urbana;VIA DI LUNGHEZZINA;in corrispondenza;;del civico n.;302;;Scontro frontale/laterale SX fra veicoli in marcia;Rettilineo;Una carreggiata a doppio senso;Asciutto;Asfaltata;Orizzontale;Nebbia;Intenso;Buona;Ore Diurne;1;0;0;4;12,72722;41,91119;-1;1;Autovettura privata;In marcia / fermata / arresto;Passeggero;M;Illeso;0;;Non accertato;Esploso
3454095;8;09/09/2017 10:35;Strada Urbana;VIA DI LUNGHEZZINA;in corrispondenza;;del civico n.;302;;Scontro frontale/laterale SX fra veicoli in marcia;Rettilineo;Una carreggiata a doppio senso;Asciutto;Asfaltata;Orizzontale;Nebbia;Intenso;Buona;Ore Diurne;1;0;0;4;12,72722;41,91119;-1;2;Autovettura privata;In marcia / fermata / arresto;Conducente;M;Illeso;0;;Non accertato;
3454095;8;09/09/2017 10:35;Strada Urbana;VIA DI LUNGHEZZINA;in corrispondenza;;del civico n.;302;;Scontro frontale/laterale SX fra veicoli in marcia;Rettilineo;Una carreggiata a doppio senso;Asciutto;Asfaltata;Orizzontale;Nebbia;Intenso;Buona;Ore Diurne;1;0;0;4;12,72722;41,91119;-1;2;Autovettura privata;In marcia / fermata / arresto;Passeggero;F;Illeso;0;;Non accertato;
3454095;8;09/09/2017 10:35;Strada Urbana;VIA DI LUNGHEZZINA;in corrispondenza;;del civico n.;302;;Scontro frontale/laterale SX fra veicoli in marcia;Rettilineo;Una carreggiata a doppio senso;Asciutto;Asfaltata;Orizzontale;Nebbia;Intenso;Buona;Ore Diurne;1;0;0;4;12,72722;41,91119;-1;3;Autovettura privata;In marcia / fermata / arresto;Conducente;F;Ricoverato;0;NON DECEDUTO;Non accertato;
3454102;8;09/09/2017 19:25;Strada Urbana;VIA DI TORRENOVA;all'intersezione con;VIA ADAMANTEA;VIA ADAMANTEA;;;Investimento di pedone;Incrocio;Una carreggiata a doppio senso;Asciutto;Asfaltata;Verticale ed orizzontale;Sereno;Normale;Buona;Sufficiente;1;0;0;2;12,61949;41,87496;-1;;;;Pedone;F;Rimandato;0;NON DECEDUTO;;
3454102;8;09/09/2017 19:25;Strada Urbana;VIA DI TORRENOVA;all'intersezione con;VIA ADAMANTEA;VIA ADAMANTEA;;;Investimento di pedone;Incrocio;Una carreggiata a doppio senso;Asciutto;Asfaltata;Verticale ed orizzontale;Sereno;Normale;Buona;Sufficiente;1;0;0;2;12,61949;41,87496;-1;1;Autovettura privata;In marcia / fermata / arresto;Conducente;M;Illeso;0;;Non accertato;Inesploso
3454102;8;09/09/2017 19:25;Strada Urbana;VIA DI TORRENOVA;all'intersezione con;VIA ADAMANTEA;VIA ADAMANTEA;;;Investimento di pedone;Incrocio;Una carreggiata a doppio senso;Asciutto;Asfaltata;Verticale ed orizzontale;Sereno;Normale;Buona;Sufficiente;1;0;0;2;12,61949;41,87496;-1;1;Autovettura privata;In marcia / fermata / arresto;Passeggero;M;Illeso;0;;Non accertato;Inesploso
3454106;8;10/09/2017 16:15;Strada Urbana;VIA DEL COLLE DELLA LITE;all'intersezione con;VIA DEL PONTE DI PANTANO;VIA DEL PONTE DI PANTANO;;;Scontro frontale/laterale DX fra veicoli in marcia;Incrocio;Una carreggiata a doppio senso;Asciutto;Asfaltata;Assente;Nuvoloso;Scarso;Buona;Ore Diurne;1;0;0;2;12,71476;41,85769;-1;1;Autovettura privata;In marcia / fermata / arresto;Conducente;M;Rifiuta cure immediate;0;NON DECEDUTO;Non accertato;Inesploso
3454106;8;10/09/2017 16:15;Strada Urbana;VIA DEL COLLE DELLA LITE;all'intersezione con;VIA DEL PONTE DI PANTANO;VIA DEL PONTE DI PANTANO;;;Scontro frontale/laterale DX fra veicoli in marcia;Incrocio;Una carreggiata a doppio senso;Asciutto;Asfaltata;Assente;Nuvoloso;Scarso;Buona;Ore Diurne;1;0;0;2;12,71476;41,85769;-1;2;Autovettura privata;In marcia / fermata / arresto;Conducente;M;Illeso;0;;Non accertato;Inesploso
3454106;8;10/09/2017 16:15;Strada Urbana;VIA DEL COLLE DELLA LITE;all'intersezione con;VIA DEL PONTE DI PANTANO;VIA DEL PONTE DI PANTANO;;;Scontro frontale/laterale DX fra veicoli in marcia;Incrocio;Una carreggiata a doppio senso;Asciutto;Asfaltata;Assente;Nuvoloso;Scarso;Buona;Ore Diurne;1;0;0;2;12,71476;41,85769;-1;2;Autovettura privata;In marcia / fermata / arresto;Passeggero;F;Illeso;0;;Non accertato;Inesploso
3454110;13;11/09/2017 01:20;Strada Urbana;VIA DI PRATO CORNELIO;all'intersezione con;VIA UGO BERNASCONI;VIA UGO BERNASCONI;;;Veicolo in marcia contro ostacolo accidentale;Incrocio;Una carreggiata a doppio senso;Bagnato (pioggia);Con buche;Verticale;Pioggia in atto;Scarso;Sufficiente;Sufficiente;0;0;0;1;12,36255;41,77379;-1;1;Autovettura privata;In marcia / fermata / arresto;Conducente;M;Illeso;0;;Non accertato;Inesploso
3454114;5;10/09/2017 02:05;Strada Urbana;VIA PRENESTINA BIS;da specificare;;;;alt. rotatoria Tor Tre Teste dir. Centro;Scontro laterale fra veicoli in marcia;Rettilineo;Due carreggiate;Asciutto;Asfaltata;Verticale ed orizzontale;Nuvoloso;Scarso;Sufficiente;Sufficiente;0;0;0;2;12,60367;41,88705;-1;1;Autovettura privata;In marcia / fermata / arresto;Conducente;M;Illeso;0;;Non accertato;Inesploso
3454114;5;10/09/2017 02:05;Strada Urbana;VIA PRENESTINA BIS;da specificare;;;;alt. rotatoria Tor Tre Teste dir. Centro;Scontro laterale fra veicoli in marcia;Rettilineo;Due carreggiate;Asciutto;Asfaltata;Verticale ed orizzontale;Nuvoloso;Scarso;Sufficiente;Sufficiente;0;0;0;2;12,60367;41,88705;-1;2;Autovettura privata;In marcia / fermata / arresto;Conducente;M;Illeso;0;;Non accertato;Inesploso
3454115;4;08/09/2017 10:30;Strada Urbana;VIADOTTO SANDRO PERTINI;da specificare;;;;m. 300 circa prima della rampa Fidene dir. GRA;Veicolo in marcia contro ostacolo fisso;Rettilineo;Una carreggiata a doppio senso;Asciutto;Asfaltata;Orizzontale;Sereno;Normale;Buona;Ore Diurne;1;0;0;0;12,54148;41,92144;-1;1;Motociclo a solo;In marcia / fermata / arresto;Conducente;M;Rimandato;0;NON DECEDUTO;;
3454116;13;10/09/2017 19:30;Strada Urbana;VIA DEGLI ALISCAFI;da specificare;;;;prossimità via della Carlinga;Veicolo in marcia contro ostacolo fisso;Rettilineo;Una carreggiata a doppio senso;Bagnato (pioggia);Sterrata;Assente;Pioggia in atto;Scarso;Buona;Insufficiente;0;0;0;1;12,23676;41,73938;-1;1;Autovettura privata;In marcia / fermata / arresto;Conducente;M;Illeso;0;;Non accertato;Inesploso
3454119;4;08/09/2017 11:55;Strada Urbana;VIA JACOPONE DA TODI;in corrispondenza;;del civico n.;16;;Veicolo in marcia contro veicolo in sosta;Rettilineo;Una carreggiata a senso unico di marcia;Asciutto;Asfaltata;Verticale;Sereno;Normale;Buona;Ore Diurne;0;0;0;2;12,55396;41,9426;-1;2;Autovettura privata;In marcia / fermata / arresto;Conducente;M;Illeso;0;;Non accertato;Inesploso
3454119;4;08/09/2017 11:55;Strada Urbana;VIA JACOPONE DA TODI;in corrispondenza;;del civico n.;16;;Veicolo in marcia contro veicolo in sosta;Rettilineo;Una carreggiata a senso unico di marcia;Asciutto;Asfaltata;Verticale;Sereno;Normale;Buona;Ore Diurne;0;0;0;2;12,55396;41,9426;-1;2;Autovettura privata;In marcia / fermata / arresto;Passeggero;F;Illeso;0;;;
3454124;7;09/09/2017 18:05;Strada Urbana;VIA EMILIO LONGONI;in corrispondenza;;del civico n.;83;;Scontro frontale/laterale DX fra veicoli in marcia;Rettilineo;Due carreggiate;Asciutto;Asfaltata;Verticale ed orizzontale;Sereno;Normale;Buona;Ore Diurne;5;0;0;0;12,60322;41,90016;-1;1;Autovettura privata;In marcia / fermata / arresto;Conducente;M;Rimandato;0;NON DECEDUTO;Non accertato;Inesploso
3454124;7;09/09/2017 18:05;Strada Urbana;VIA EMILIO LONGONI;in corrispondenza;;del civico n.;83;;Scontro frontale/laterale DX fra veicoli in marcia;Rettilineo;Due carreggiate;Asciutto;Asfaltata;Verticale ed orizzontale;Sereno;Normale;Buona;Ore Diurne;5;0;0;0;12,60322;41,90016;-1;1;Autovettura privata;In marcia / fermata / arresto;Passeggero;M;Rimandato;0;NON DECEDUTO;Non accertato;Esploso
3454124;7;09/09/2017 18:05;Strada Urbana;VIA EMILIO LONGONI;in corrispondenza;;del civico n.;83;;Scontro frontale/laterale DX fra veicoli in marcia;Rettilineo;Due carreggiate;Asciutto;Asfaltata;Verticale ed orizzontale;Sereno;Normale;Buona;Ore Diurne;5;0;0;0;12,60322;41,90016;-1;1;Autovettura privata;In marcia / fermata / arresto;Passeggero;M;Rimandato;0;NON DECEDUTO;Non accertato;Inesploso
3454124;7;09/09/2017 18:05;Strada Urbana;VIA EMILIO LONGONI;in corrispondenza;;del civico n.;83;;Scontro frontale/laterale DX fra veicoli in marcia;Rettilineo;Due carreggiate;Asciutto;Asfaltata;Verticale ed orizzontale;Sereno;Normale;Buona;Ore Diurne;5;0;0;0;12,60322;41,90016;-1;1;Autovettura privata;In marcia / fermata / arresto;Passeggero;M;Rimandato;0;NON DECEDUTO;Non accertato;Esploso
3454124;7;09/09/2017 18:05;Strada Urbana;VIA EMILIO LONGONI;in corrispondenza;;del civico n.;83;;Scontro frontale/laterale DX fra veicoli in marcia;Rettilineo;Due carreggiate;Asciutto;Asfaltata;Verticale ed orizzontale;Sereno;Normale;Buona;Ore Diurne;5;0;0;0;12,60322;41,90016;-1;2;Autovettura privata;In marcia / fermata / arresto;Conducente;M;Ricoverato;0;NON DECEDUTO;Non accertato;Esploso
3454125;5;10/09/2017 03:40;Strada Urbana;VIA DEI PIOPPI;all'intersezione con;VIA DEI FRASSINI;VIA DEI FRASSINI;;;Scontro frontale/laterale SX fra veicoli in marcia;Incrocio;Due carreggiate;Asciutto;Asfaltata;Verticale ed orizzontale;Nuvoloso;Scarso;Sufficiente;Sufficiente;0;0;0;5;12,56776;41,87734;-1;1;Autovettura privata;In marcia / fermata / arresto;Conducente;F;Illeso;0;;Non accertato;Inesploso
3454125;5;10/09/2017 03:40;Strada Urbana;VIA DEI PIOPPI;all'intersezione con;VIA DEI FRASSINI;VIA DEI FRASSINI;;;Scontro frontale/laterale SX fra veicoli in marcia;Incrocio;Due carreggiate;Asciutto;Asfaltata;Verticale ed orizzontale;Nuvoloso;Scarso;Sufficiente;Sufficiente;0;0;0;5;12,56776;41,87734;-1;1;Autovettura privata;In marcia / fermata / arresto;Passeggero;F;Illeso;0;;Non accertato;Inesploso
3454125;5;10/09/2017 03:40;Strada Urbana;VIA DEI PIOPPI;all'intersezione con;VIA DEI FRASSINI;VIA DEI FRASSINI;;;Scontro frontale/laterale SX fra veicoli in marcia;Incrocio;Due carreggiate;Asciutto;Asfaltata;Verticale ed orizzontale;Nuvoloso;Scarso;Sufficiente;Sufficiente;0;0;0;5;12,56776;41,87734;-1;1;Autovettura privata;In marcia / fermata / arresto;Passeggero;M;Illeso;0;;Non accertato;Inesploso
3454125;5;10/09/2017 03:40;Strada Urbana;VIA DEI PIOPPI;all'intersezione con;VIA DEI FRASSINI;VIA DEI FRASSINI;;;Scontro frontale/laterale SX fra veicoli in marcia;Incrocio;Due carreggiate;Asciutto;Asfaltata;Verticale ed orizzontale;Nuvoloso;Scarso;Sufficiente;Sufficiente;0;0;0;5;12,56776;41,87734;-1;2;Autovettura privata;In marcia / fermata / arresto;Conducente;M;Illeso;0;;Non accertato;Inesploso
3454125;5;10/09/2017 03:40;Strada Urbana;VIA DEI PIOPPI;all'intersezione con;VIA DEI FRASSINI;VIA DEI FRASSINI;;;Scontro frontale/laterale SX fra veicoli in marcia;Incrocio;Due carreggiate;Asciutto;Asfaltata;Verticale ed orizzontale;Nuvoloso;Scarso;Sufficiente;Sufficiente;0;0;0;5;12,56776;41,87734;-1;2;Autovettura privata;In marcia / fermata / arresto;Passeggero;F;Illeso;0;;Non accertato;Inesploso
3454127;7;10/09/2017 22:30;Strada Urbana;VIA DELL'ARCHEOLOGIA;in prossimità;;del civico n.;34;;Scontro frontale/laterale DX fra veicoli in marcia;Curva a visuale libera;Una carreggiata a doppio senso;Bagnato (pioggia);Asfaltata;Assente;Pioggia in atto;Normale;Buona;Sufficiente;0;0;0;3;12,63086;41,87525;-1;1;Autovettura privata;In marcia / fermata / arresto;Conducente;M;Illeso;0;;;
3454127;7;10/09/2017 22:30;Strada Urbana;VIA DELL'ARCHEOLOGIA;in prossimità;;del civico n.;34;;Scontro frontale/laterale DX fra veicoli in marcia;Curva a visuale libera;Una carreggiata a doppio senso;Bagnato (pioggia);Asfaltata;Assente;Pioggia in atto;Normale;Buona;Sufficiente;0;0;0;3;12,63086;41,87525;-1;1;Autovettura privata;In marcia / fermata / arresto;Passeggero;M;Illeso;0;;;
3454127;7;10/09/2017 22:30;Strada Urbana;VIA DELL'ARCHEOLOGIA;in prossimità;;del civico n.;34;;Scontro frontale/laterale DX fra veicoli in marcia;Curva a visuale libera;Una carreggiata a doppio senso;Bagnato (pioggia);Asfaltata;Assente;Pioggia in atto;Normale;Buona;Sufficiente;0;0;0;3;12,63086;41,87525;-1;2;Autovettura privata;In marcia / fermata / arresto;Conducente;F;Illeso;0;;;
3454128;13;11/09/2017 02:30;;VIA DI PRATO CORNELIO;all'intersezione con;VIA UGO BERNASCONI;VIA UGO BERNASCONI;;;Veicolo in marcia contro ostacolo accidentale;;;;;;;;;;0;0;0;1;;;0;1;Autovettura privata;In marcia / fermata / arresto;Conducente;F;Illeso;0;;Non accertato;Inesploso
3454150;7;09/09/2017 01:15;Strada Urbana;VIA PRENESTINA;in corrispondenza;;del palo luce n.;501;;Veicolo in marcia contro ostacolo fisso;Rettilineo;Una carreggiata a doppio senso;Asciutto;Asfaltata;Orizzontale;Sereno;Scarso;Sufficiente;Sufficiente;0;0;0;1;12,61059;41,89346;-1;1;Autovettura privata;In marcia / fermata / arresto;Conducente;F;Illeso;0;;Non accertato;Esploso
3454154;19;09/09/2017 02:40;Strada Urbana;LUNGOTEVERE DELLE NAVI;all'intersezione con;PIAZZALE DELLE BELLE ARTI;PIAZZALE DELLE BELLE ARTI;;;Veicolo in marcia contro ostacolo fisso;Incrocio;Una carreggiata a senso unico di marcia;Asciutto;Asfaltata;Verticale ed orizzontale;Sereno;Scarso;Buona;Sufficiente;2;0;0;1;12,47158;41,91664;-1;1;Autovettura privata;In marcia / fermata / arresto;Conducente;M;Rimandato;0;NON DECEDUTO;Non accertato;Esploso
3454154;19;09/09/2017 02:40;Strada Urbana;LUNGOTEVERE DELLE NAVI;all'intersezione con;PIAZZALE DELLE BELLE ARTI;PIAZZALE DELLE BELLE ARTI;;;Veicolo in marcia contro ostacolo fisso;Incrocio;Una carreggiata a senso unico di marcia;Asciutto;Asfaltata;Verticale ed orizzontale;Sereno;Scarso;Buona;Sufficiente;2;0;0;1;12,47158;41,91664;-1;1;Autovettura privata;In marcia / fermata / arresto;Passeggero;M;Rimandato;0;NON DECEDUTO;Non accertato;Inesploso
3454154;19;09/09/2017 02:40;Strada Urbana;LUNGOTEVERE DELLE NAVI;all'intersezione con;PIAZZALE DELLE BELLE ARTI;PIAZZALE DELLE BELLE ARTI;;;Veicolo in marcia contro ostacolo fisso;Incrocio;Una carreggiata a senso unico di marcia;Asciutto;Asfaltata;Verticale ed orizzontale;Sereno;Scarso;Buona;Sufficiente;2;0;0;1;12,47158;41,91664;-1;1;Autovettura privata;In marcia / fermata / arresto;Passeggero;M;Illeso;0;;Non accertato;Inesploso
3454156;23;10/09/2017 15:00;Strada Urbana;VIA CRISTOFORO COLOMBO;all'intersezione semaforizzata con;VIA DI ACILIA;VIA DI ACILIA;;;Tamponamento;Intersezione semaforizzata;Più di due carreggiate;Bagnato (pioggia);Asfaltata;Verticale ed orizzontale;Pioggia in atto;Scarso;Buona;Ore Diurne;2;0;0;1;12,38314;41,76508;-1;1;Autovettura privata;In marcia / fermata / arresto;Conducente;M;Illeso;0;;Non accertato;Esploso
3454156;23;10/09/2017 15:00;Strada Urbana;VIA CRISTOFORO COLOMBO;all'intersezione semaforizzata con;VIA DI ACILIA;VIA DI ACILIA;;;Tamponamento;Intersezione semaforizzata;Più di due carreggiate;Bagnato (pioggia);Asfaltata;Verticale ed orizzontale;Pioggia in atto;Scarso;Buona;Ore Diurne;2;0;0;1;12,38314;41,76508;-1;2;Autovettura privata;In marcia / fermata / arresto;Conducente;M;Rifiuta cure immediate;0;NON DECEDUTO;Non accertato;Inesploso
3454156;23;10/09/2017 15:00;Strada Urbana;VIA CRISTOFORO COLOMBO;all'intersezione semaforizzata con;VIA DI ACILIA;VIA DI ACILIA;;;Tamponamento;Intersezione semaforizzata;Più di due carreggiate;Bagnato (pioggia);Asfaltata;Verticale ed orizzontale;Pioggia in atto;Scarso;Buona;Ore Diurne;2;0;0;1;12,38314;41,76508;-1;2;Autovettura privata;In marcia / fermata / arresto;Passeggero;M;Rimandato;0;NON DECEDUTO;Utilizzato;Inesploso
3454158;3;10/09/2017 08:40;Strada Urbana;VIA VAL D'OSSOLA;all'intersezione con;VIA VALDINIEVOLE;VIA VALDINIEVOLE;;;Scontro laterale fra veicoli in marcia;Incrocio;Due carreggiate;Bagnato (pioggia);Asfaltata;Verticale;Pioggia in atto;Scarso;Buona;Ore Diurne;1;0;0;2;12,52944;41,93483;-1;1;Autovettura privata;In marcia / fermata / arresto;Conducente;M;Rimandato;0;NON DECEDUTO;Non accertato;Inesploso
3454158;3;10/09/2017 08:40;Strada Urbana;VIA VAL D'OSSOLA;all'intersezione con;VIA VALDINIEVOLE;VIA VALDINIEVOLE;;;Scontro laterale fra veicoli in marcia;Incrocio;Due carreggiate;Bagnato (pioggia);Asfaltata;Verticale;Pioggia in atto;Scarso;Buona;Ore Diurne;1;0;0;2;12,52944;41,93483;-1;1;Autovettura privata;In marcia / fermata / arresto;Passeggero;M;Illeso;0;;Non accertato;Inesploso
3454158;3;10/09/2017 08:40;Strada Urbana;VIA VAL D'OSSOLA;all'intersezione con;VIA VALDINIEVOLE;VIA VALDINIEVOLE;;;Scontro laterale fra veicoli in marcia;Incrocio;Due carreggiate;Bagnato (pioggia);Asfaltata;Verticale;Pioggia in atto;Scarso;Buona;Ore Diurne;1;0;0;2;12,52944;41,93483;-1;2;Autovettura privata;In marcia / fermata / arresto;Conducente;M;Illeso;0;;Non accertato;Inesploso
3454162;23;09/09/2017 21:10;Strada Urbana;VIA NAPOLEONE III;in prossimità;;del civico n.;58;;Tamponamento;Rettilineo;Due carreggiate;Asciutto;Asfaltata;Verticale ed orizzontale;Sereno;Scarso;Buona;Sufficiente;2;0;0;1;12,50258;41,89661;-1;1;Autovettura di polizia;In marcia / fermata / arresto;Conducente;M;Rifiuta cure immediate;0;NON DECEDUTO;Non accertato;Inesploso
3454162;23;09/09/2017 21:10;Strada Urbana;VIA NAPOLEONE III;in prossimità;;del civico n.;58;;Tamponamento;Rettilineo;Due carreggiate;Asciutto;Asfaltata;Verticale ed orizzontale;Sereno;Scarso;Buona;Sufficiente;2;0;0;1;12,50258;41,89661;-1;1;Autovettura di polizia;In marcia / fermata / arresto;Passeggero;F;Rifiuta cure immediate;0;NON DECEDUTO;Non accertato;Inesploso
3454162;23;09/09/2017 21:10;Strada Urbana;VIA NAPOLEONE III;in prossimità;;del civico n.;58;;Tamponamento;Rettilineo;Due carreggiate;Asciutto;Asfaltata;Verticale ed orizzontale;Sereno;Scarso;Buona;Sufficiente;2;0;0;1;12,50258;41,89661;-1;2;Autovettura privata;In marcia / fermata / arresto;Conducente;M;Illeso;0;;Non accertato;Inesploso
3454164;10;11/09/2017 09:12;Statale entro l'abitato;VIA TUSCOLANA;all'intersezione semaforizzata con;VIA PONZIO COMINIO;VIA PONZIO COMINIO;;;Scontro frontale/laterale SX fra veicoli in marcia;Intersezione semaforizzata;Due carreggiate;Bagnato (pioggia);Asfaltata;Verticale ed orizzontale;Nuvoloso;Normale;Buona;Ore Diurne;0;0;0;2;12,55721;41,85986;-1;1;Autocarro inferiore 35 q.;In marcia / fermata / arresto;Conducente;M;Illeso;0;;Non accertato;Inesploso
3454164;10;11/09/2017 09:12;Statale entro l'abitato;VIA TUSCOLANA;all'intersezione semaforizzata con;VIA PONZIO COMINIO;VIA PONZIO COMINIO;;;Scontro frontale/laterale SX fra veicoli in marcia;Intersezione semaforizzata;Due carreggiate;Bagnato (pioggia);Asfaltata;Verticale ed orizzontale;Nuvoloso;Normale;Buona;Ore Diurne;0;0;0;2;12,55721;41,85986;-1;2;Autovettura privata;In marcia / fermata / arresto;Conducente;M;Illeso;0;;Non accertato;Inesploso
3454167;5;10/09/2017 05:30;Strada Urbana;VIA CASAL TIDEI;all'intersezione con;VIA SARNANO;VIA SARNANO;;;Veicolo in marcia contro ostacolo fisso;Incrocio;Una carreggiata a doppio senso;Asciutto;Asfaltata;Verticale ed orizzontale;Nuvoloso;Scarso;Buona;Sufficiente;0;0;0;1;12,58029;41,94091;-1;1;Autovettura privata;In marcia / fermata / arresto;Conducente;M;Illeso;0;;Non accertato;Inesploso
3454177;5;10/09/2017 17:20;Strada Urbana;VIA GIUSEPPE DONATI;all'intersezione con;VIA DIEGO ANGELI;VIA DIEGO ANGELI;;;Scontro frontale/laterale SX fra veicoli in marcia;Incrocio;Due carreggiate;Bagnato (umidità in atto);Asfaltata;Verticale ed orizzontale;Nuvoloso;Normale;Buona;Ore Diurne;2;0;0;3;12,55127;41,9075;-1;1;Autovettura privata;In marcia / fermata / arresto;Conducente;M;Illeso;0;;Non accertato;Esploso
3454177;5;10/09/2017 17:20;Strada Urbana;VIA GIUSEPPE DONATI;all'intersezione con;VIA DIEGO ANGELI;VIA DIEGO ANGELI;;;Scontro frontale/laterale SX fra veicoli in marcia;Incrocio;Due carreggiate;Bagnato (umidità in atto);Asfaltata;Verticale ed orizzontale;Nuvoloso;Normale;Buona;Ore Diurne;2;0;0;3;12,55127;41,9075;-1;2;Autovettura privata;In marcia / fermata / arresto;Conducente;M;Rimandato;0;NON DECEDUTO;;
3454177;5;10/09/2017 17:20;Strada Urbana;VIA GIUSEPPE DONATI;all'intersezione con;VIA DIEGO ANGELI;VIA DIEGO ANGELI;;;Scontro frontale/laterale SX fra veicoli in marcia;Incrocio;Due carreggiate;Bagnato (umidità in atto);Asfaltata;Verticale ed orizzontale;Nuvoloso;Normale;Buona;Ore Diurne;2;0;0;3;12,55127;41,9075;-1;2;Autovettura privata;In marcia / fermata / arresto;Passeggero;F;Rimandato;0;NON DECEDUTO;Non accertato;Inesploso
3454177;5;10/09/2017 17:20;Strada Urbana;VIA GIUSEPPE DONATI;all'intersezione con;VIA DIEGO ANGELI;VIA DIEGO ANGELI;;;Scontro frontale/laterale SX fra veicoli in marcia;Incrocio;Due carreggiate;Bagnato (umidità in atto);Asfaltata;Verticale ed orizzontale;Nuvoloso;Normale;Buona;Ore Diurne;2;0;0;3;12,55127;41,9075;-1;2;Autovettura privata;In marcia / fermata / arresto;Passeggero;M;Illeso;0;;Non accertato;Inesploso
3454182;18;11/09/2017 08:10;Strada Urbana;CIRCONVALLAZIONE CORNELIA;in corrispondenza;;del civico n.;1;;Tamponamento;Rettilineo;Due carreggiate;Bagnato (pioggia);Asfaltata;Verticale;Pioggia in atto;Intenso;Buona;Ore Diurne;0;0;0;3;12,42713;41,89889;-1;1;Autovettura privata;In marcia / fermata / arresto;Conducente;M;Illeso;0;;Non accertato;Inesploso
3454182;18;11/09/2017 08:10;Strada Urbana;CIRCONVALLAZIONE CORNELIA;in corrispondenza;;del civico n.;1;;Tamponamento;Rettilineo;Due carreggiate;Bagnato (pioggia);Asfaltata;Verticale;Pioggia in atto;Intenso;Buona;Ore Diurne;0;0;0;3;12,42713;41,89889;-1;1;Autovettura privata;In marcia / fermata / arresto;Passeggero;F;Illeso;0;;Non accertato;Inesploso
3454182;18;11/09/2017 08:10;Strada Urbana;CIRCONVALLAZIONE CORNELIA;in corrispondenza;;del civico n.;1;;Tamponamento;Rettilineo;Due carreggiate;Bagnato (pioggia);Asfaltata;Verticale;Pioggia in atto;Intenso;Buona;Ore Diurne;0;0;0;3;12,42713;41,89889;-1;2;Autovettura privata;In marcia / fermata / arresto;Conducente;M;Illeso;0;;Non accertato;Inesploso
3454183;4;08/09/2017 19:30;Strada Urbana;VIA FILIPPO ANTONIO GUALTERIO;in corrispondenza;;del civico n.;109;;Scontro laterale fra veicoli in marcia;Curva a visuale libera;Una carreggiata a doppio senso;Asciutto;Asfaltata;Orizzontale;Sereno;Normale;Buona;Ore Diurne;0;0;0;5;12,51852;41,95225;-1;1;Autovettura privata;In marcia / fermata / arresto;Conducente;M;Illeso;0;;Non accertato;
3454183;4;08/09/2017 19:30;Strada Urbana;VIA FILIPPO ANTONIO GUALTERIO;in corrispondenza;;del civico n.;109;;Scontro laterale fra veicoli in marcia;Curva a visuale libera;Una carreggiata a doppio senso;Asciutto;Asfaltata;Orizzontale;Sereno;Normale;Buona;Ore Diurne;0;0;0;5;12,51852;41,95225;-1;2;Autovettura privata;In marcia / fermata / arresto;Conducente;M;Illeso;0;;Non accertato;
3454183;4;08/09/2017 19:30;Strada Urbana;VIA FILIPPO ANTONIO GUALTERIO;in corrispondenza;;del civico n.;109;;Scontro laterale fra veicoli in marcia;Curva a visuale libera;Una carreggiata a doppio senso;Asciutto;Asfaltata;Orizzontale;Sereno;Normale;Buona;Ore Diurne;0;0;0;5;12,51852;41,95225;-1;2;Autovettura privata;In marcia / fermata / arresto;Passeggero;M;Illeso;0;;Non accertato;