Protocollo;Gruppo;DataOraIncidente;Localizzazione1;STRADA1;Localizzazione2;STRADA2;Strada02;Chilometrica;DaSpecificare;NaturaIncidente;particolaritastrade;TipoStrada;FondoStradale;Pavimentazione;Segnaletica;CondizioneAtmosferica;Traffico;Visibilita;Illuminazione;NUM_FERITI;NUM_RISERVATA;NUM_MORTI;NUM_ILLESI;Longitudine;Latitudine;Confermato;Progressivo;TipoVeicolo;StatoVeicolo;TipoPersona;Sesso;Tipolesione;Deceduto;DecedutoDopo;CinturaCascoUtilizzato;Airbag
3456771;18;12/09/2017 15:30;Strada Urbana;VIA GREGORIO VII;da specificare;;;;FRONTE CIVICO 496;Scontro laterale fra veicoli in marcia;Rettilineo;Più di due carreggiate;Asciutto;Asfaltata;Verticale ed orizzontale;Sereno;Normale;Buona;Ore Diurne;0;0;0;7;12,44068;41,89613;-1;1;Quadriciclo;In marcia / fermata / arresto;Passeggero;F;Illeso;0;;;
3456771;18;12/09/2017 15:30;Strada Urbana;VIA GREGORIO VII;da specificare;;;;FRONTE CIVICO 496;Scontro laterale fra veicoli in marcia;Rettilineo;Più di due carreggiate;Asciutto;Asfaltata;Verticale ed orizzontale;Sereno;Normale;Buona;Ore Diurne;0;0;0;7;12,44068;41,89613;-1;2;Autovettura pubblica;In marcia / fermata / arresto;Conducente;M;Illeso;0;;;
3456771;18;12/09/2017 15:30;Strada Urbana;VIA GREGORIO VII;da specificare;;;;FRONTE CIVICO 496;Scontro laterale fra veicoli in marcia;Rettilineo;Più di due carreggiate;Asciutto;Asfaltata;Verticale ed orizzontale;Sereno;Normale;Buona;Ore Diurne;0;0;0;7;12,44068;41,89613;-1;2;Autovettura pubblica;In marcia / fermata / arresto;Passeggero;F;Illeso;0;;;
3456771;18;12/09/2017 15:30;Strada Urbana;VIA GREGORIO VII;da specificare;;;;FRONTE CIVICO 496;Scontro laterale fra veicoli in marcia;Rettilineo;Più di due carreggiate;Asciutto;Asfaltata;Verticale ed orizzontale;Sereno;Normale;Buona;Ore Diurne;0;0;0;7;12,44068;41,89613;-1;2;Autovettura pubblica;In marcia / fermata / arresto;Passeggero;M;Illeso;0;;;
3456771;18;12/09/2017 15:30;Strada Urbana;VIA GREGORIO VII;da specificare;;;;FRONTE CIVICO 496;Scontro laterale fra veicoli in marcia;Rettilineo;Più di due carreggiate;Asciutto;Asfaltata;Verticale ed orizzontale;Sereno;Normale;Buona;Ore Diurne;0;0;0;7;12,44068;41,89613;-1;2;Autovettura pubblica;In marcia / fermata / arresto;Passeggero;M;Illeso;0;;;
3456771;18;12/09/2017 15:30;Strada Urbana;VIA GREGORIO VII;da specificare;;;;FRONTE CIVICO 496;Scontro laterale fra veicoli in marcia;Rettilineo;Più di due carreggiate;Asciutto;Asfaltata;Verticale ed orizzontale;Sereno;Normale;Buona;Ore Diurne;0;0;0;7;12,44068;41,89613;-1;2;Autovettura pubblica;In marcia / fermata / arresto;Passeggero;F;Illeso;0;;;
3456775;7;12/09/2017 17:10;Strada Urbana;VIA DAVIDE CAMPARI;da specificare;;;;PONTE ADIACENTE VIA BARBISIO;Scontro laterale fra veicoli in marcia;Rettilineo;Una carreggiata a doppio senso;Asciutto;Asfaltata;Assente;Sereno;Normale;Buona;Ore Diurne;1;0;0;1;12,58851;41,88574;-1;1;Autobus urbano;In marcia / fermata / arresto;Conducente;M;Illeso;0;;Non accertato;Inesploso
3456775;7;12/09/2017 17:10;Strada Urbana;VIA DAVIDE CAMPARI;da specificare;;;;PONTE ADIACENTE VIA BARBISIO;Scontro laterale fra veicoli in marcia;Rettilineo;Una carreggiata a doppio senso;Asciutto;Asfaltata;Assente;Sereno;Normale;Buona;Ore Diurne;1;0;0;1;12,58851;41,88574;-1;2;Velocipede;In marcia / fermata / arresto;Conducente;M;Rimandato;0;NON DECEDUTO;Esente;
3456806;9;12/09/2017 18:30;Strada Urbana;VIA ASSISI;in corrispondenza;;del civico n.;132;;Scontro laterale fra veicoli in marcia;Rettilineo;Una carreggiata a senso unico di marcia;Asciutto;Asfaltata;Orizzontale;Sereno;Normale;Buona;Ore Diurne;0;0;0;2;12,52853;41,88112;-1;1;Autovettura pubblica;In marcia / fermata / arresto;Conducente;M;Illeso;0;;Non accertato;Inesploso
3456806;9;12/09/2017 18:30;Strada Urbana;VIA ASSISI;in corrispondenza;;del civico n.;132;;Scontro laterale fra veicoli in marcia;Rettilineo;Una carreggiata a senso unico di marcia;Asciutto;Asfaltata;Orizzontale;Sereno;Normale;Buona;Ore Diurne;0;0;0;2;12,52853;41,88112;-1;2;Autovettura privata;In marcia / fermata / arresto;Conducente;M;Illeso;0;;Non accertato;Inesploso
3456819;16;11/09/2017 12:05;Strada Urbana;VIA IPPOLITO NIEVO;all'intersezione con;VIA PIETRO RIPARI;VIA PIETRO RIPARI;;;Scontro frontale fra veicoli in marcia;Incrocio;Due carreggiate;Bagnato (umidità in atto);Asfaltata;Verticale ed orizzontale;Nuvoloso;Normale;Buona;Ore Diurne;1;0;0;3;12,46742;41,87849;-1;1;Autovettura pubblica;In marcia / fermata / arresto;Conducente;M;Illeso;0;;Non accertato;
3456819;16;11/09/2017 12:05;Strada Urbana;VIA IPPOLITO NIEVO;all'intersezione con;VIA PIETRO RIPARI;VIA PIETRO RIPARI;;;Scontro frontale fra veicoli in marcia;Incrocio;Due carreggiate;Bagnato (umidità in atto);Asfaltata;Verticale ed orizzontale;Nuvoloso;Normale;Buona;Ore Diurne;1;0;0;3;12,46742;41,87849;-1;1;Autovettura pubblica;In marcia / fermata / arresto;Passeggero;M;Illeso;0;;Non accertato;
3456819;16;11/09/2017 12:05;Strada Urbana;VIA IPPOLITO NIEVO;all'intersezione con;VIA PIETRO RIPARI;VIA PIETRO RIPARI;;;Scontro frontale fra veicoli in marcia;Incrocio;Due carreggiate;Bagnato (umidità in atto);Asfaltata;Verticale ed orizzontale;Nuvoloso;Normale;Buona;Ore Diurne;1;0;0;3;12,46742;41,87849;-1;1;Autovettura pubblica;In marcia / fermata / arresto;Passeggero;F;Illeso;0;;Non accertato;
3456819;16;11/09/2017 12:05;Strada Urbana;VIA IPPOLITO NIEVO;all'intersezione con;VIA PIETRO RIPARI;VIA PIETRO RIPARI;;;Scontro frontale fra veicoli in marcia;Incrocio;Due carreggiate;Bagnato (umidità in atto);Asfaltata;Verticale ed orizzontale;Nuvoloso;Normale;Buona;Ore Diurne;1;0;0;3;12,46742;41,87849;-1;2;Motociclo a solo;In marcia / fermata / arresto;Conducente;M;Rimandato;0;NON DECEDUTO;Non accertato;
3456830;16;11/09/2017 15:00;Strada Urbana;VIA ANTONIO TOSCANI;in corrispondenza;;del civico n.;57;;Veicolo in marcia contro ostacolo fisso;Pianeggiante;Una carreggiata a senso unico di marcia;Asciutto;Asfaltata;Verticale;Nuvoloso;Scarso;Buona;Ore Diurne;0;0;0;2;12,45336;41,8757;-1;1;Autovettura privata;In marcia / fermata / arresto;Conducente;F;Illeso;0;;Non accertato;Inesploso
3456830;16;11/09/2017 15:00;Strada Urbana;VIA ANTONIO TOSCANI;in corrispondenza;;del civico n.;57;;Veicolo in marcia contro ostacolo fisso;Pianeggiante;Una carreggiata a senso unico di marcia;Asciutto;Asfaltata;Verticale;Nuvoloso;Scarso;Buona;Ore Diurne;0;0;0;2;12,45336;41,8757;-1;1;Autovettura privata;In marcia / fermata / arresto;Passeggero;F;Illeso;0;;Non accertato;Inesploso
3456834;20;12/09/2017 15:00;Strada Urbana;VIA CASSIA NUOVA;in corrispondenza;;del palo luce n.;10;;Veicolo in marcia contro ostacolo fisso;Curva a visuale libera;Una carreggiata a doppio senso;Asciutto;Asfaltata;Verticale ed orizzontale;Sereno;Intenso;Buona;Ore Diurne;1;0;0;0;12,46765;41,95132;-1;1;Autovettura privata;In marcia / fermata / arresto;Conducente;M;Ricoverato;0;NON DECEDUTO;;
3456839;20;12/09/2017 15:01;Strada Urbana;VIA CASSIA NUOVA;in corrispondenza;;del palo luce n.;10;;Veicolo in marcia contro ostacolo accidentale;Curva a visuale libera;Una carreggiata a doppio senso;Asciutto;Asfaltata;Verticale ed orizzontale;Sereno;Intenso;Buona;Ore Diurne;1;0;0;0;12,46765;41,95132;-1;1;Autovettura privata;In marcia / fermata / arresto;Conducente;M;Rimandato;0;NON DECEDUTO;;
3456848;20;12/09/2017 15:02;Strada Urbana;VIA CASSIA NUOVA;in corrispondenza;;del palo luce n.;10;;Veicolo in marcia contro ostacolo accidentale;Curva a visuale libera;Una carreggiata a doppio senso;Asciutto;Asfaltata;Verticale ed orizzontale;Sereno;Intenso;Buona;Ore Diurne;0;0;0;1;12,46765;41,95132;-1;1;Autovettura privata;In marcia / fermata / arresto;Conducente;M;Illeso;0;;Non accertato;Inesploso
3456874;16;11/09/2017 18:05;Strada Urbana;VIA PIETRO CARTONI;in corrispondenza;;del civico n.;3;;Veicolo in marcia contro veicolo in sosta;Rettilineo;Una carreggiata a senso unico di marcia;Asciutto;Asfaltata;Verticale ed orizzontale;Sereno;Normale;Buona;Ore Diurne;0;0;0;1;12,44925;41,87323;-1;1;Autovettura privata;In marcia / fermata / arresto;Conducente;M;Illeso;0;;Non accertato;Esploso
3456882;16;12/09/2017 09:30;Strada Urbana;VIA DI BRAVETTA;da specificare;;;;fronte civico 156;Scontro frontale fra veicoli in marcia;Rettilineo;Una carreggiata a doppio senso;Asciutto;Asfaltata;Orizzontale;Sereno;Normale;Buona;Ore Diurne;0;0;0;2;12,42574;41,8762;-1;1;Autovettura privata;In marcia / fermata / arresto;Conducente;F;Illeso;0;;;
3456882;16;12/09/2017 09:30;Strada Urbana;VIA DI BRAVETTA;da specificare;;;;fronte civico 156;Scontro frontale fra veicoli in marcia;Rettilineo;Una carreggiata a doppio senso;Asciutto;Asfaltata;Orizzontale;Sereno;Normale;Buona;Ore Diurne;0;0;0;2;12,42574;41,8762;-1;2;Autovettura privata;In marcia / fermata / arresto;Conducente;M;Illeso;0;;;
3457015;9;12/09/2017 15:35;Strada Urbana;VIA CASILINA;in prossimità;;del civico n.;7;;Veicolo in marcia contro veicolo in sosta;Rettilineo;Due carreggiate;Asciutto;Asfaltata;Assente;Sereno;Scarso;Buona;Ore Diurne;0;0;0;1;12,51876;41,88961;-1;2;Autovettura privata;In marcia / fermata / arresto;Conducente;F;Illeso;0;;;
3457160;9;12/09/2017 22:10;Strada Urbana;VIA SILICELLA;in prossimità;;del civico n.;14;;Investimento di pedone;Rettilineo;Una carreggiata a doppio senso;Asciutto;Asfaltata;Assente;Sereno;Scarso;Buona;Sufficiente;2;0;0;0;12,59841;41,86472;-1;;;;Pedone;M;Rimandato;0;NON DECEDUTO;;
3457160;9;12/09/2017 22:10;Strada Urbana;VIA SILICELLA;in prossimità;;del civico n.;14;;Investimento di pedone;Rettilineo;Una carreggiata a doppio senso;Asciutto;Asfaltata;Assente;Sereno;Scarso;Buona;Sufficiente;2;0;0;0;12,59841;41,86472;-1;1;Motociclo a solo;In marcia / fermata / arresto;Conducente;F;Rimandato;0;NON DECEDUTO;Non accertato;
3457163;11;12/09/2017 07:30;Strada Urbana;VIALE PICO DELLA MIRANDOLA;all'intersezione semaforizzata con;PIAZZALE DEI CADUTI DELLA MONTAGNOLA;PIAZZALE DEI CADUTI DELLA MONTAGNOLA;;;Veicolo in marcia contro ostacolo fisso;Intersezione semaforizzata;Due carreggiate;Asciutto;Asfaltata;Verticale ed orizzontale;Sereno;Normale;Buona;Ore Diurne;0;0;0;1;12,48398;41,84482;-1;1;Autoarticolato;In marcia / fermata / arresto;Conducente;M;Illeso;0;;;
3457169;1;11/09/2017 20:15;Strada Urbana;VIA MERULANA;in prossimità;;del civico n.;124 A;;Tamponamento Multiplo;Rettilineo;Una carreggiata a doppio senso;Asciutto;Asfaltata;Orizzontale;Sereno;Intenso;Sufficiente;Sufficiente;1;0;0;2;12,5037;41,88885;-1;1;Autovettura privata;In marcia / fermata / arresto;Conducente;F;Illeso;0;;;
3457169;1;11/09/2017 20:15;Strada Urbana;VIA MERULANA;in prossimità;;del civico n.;124 A;;Tamponamento Multiplo;Rettilineo;Una carreggiata a doppio senso;Asciutto;Asfaltata;Orizzontale;Sereno;Intenso;Sufficiente;Sufficiente;1;0;0;2;12,5037;41,88885;-1;2;Autovettura privata;In marcia / fermata / arresto;Conducente;M;Rifiuta cure immediate;0;NON DECEDUTO;;
3457169;1;11/09/2017 20:15;Strada Urbana;VIA MERULANA;in prossimità;;del civico n.;124 A;;Tamponamento Multiplo;Rettilineo;Una carreggiata a doppio senso;Asciutto;Asfaltata;Orizzontale;Sereno;Intenso;Sufficiente;Sufficiente;1;0;0;2;12,5037;41,88885;-1;3;Autovettura privata;In marcia / fermata / arresto;Conducente;M;Illeso;0;;;
3457181;5;12/09/2017 06:45;Strada Urbana;VIA CIVITACAMPOMARANO;all'intersezione con;VIA CASTROPIGNANO;VIA CASTROPIGNANO;;;Scontro frontale/laterale DX fra veicoli in marcia;Incrocio;Una carreggiata a doppio senso;Asciutto;Asfaltata;Verticale;Sereno;Scarso;Buona;Ore Diurne;0;0;0;2;12,64257;41,9359;-1;1;Autovettura privata;In marcia / fermata / arresto;Conducente;M;Illeso;0;;Non accertato;Inesploso
3457181;5;12/09/2017 06:45;Strada Urbana;VIA CIVITACAMPOMARANO;all'intersezione con;VIA CASTROPIGNANO;VIA CASTROPIGNANO;;;Scontro frontale/laterale DX fra veicoli in marcia;Incrocio;Una carreggiata a doppio senso;Asciutto;Asfaltata;Verticale;Sereno;Scarso;Buona;Ore Diurne;0;0;0;2;12,64257;41,9359;-1;2;Autovettura privata;In marcia / fermata / arresto;Conducente;M;Illeso;0;;Non accertato;Inesploso
3457187;5;12/09/2017 08:25;Strada Urbana;VIA LICENZA;in prossimità;;del civico n.;30;;Scontro laterale fra veicoli in marcia;Curva a visuale libera;Una carreggiata a doppio senso;Asciutto;Asfaltata;Assente;Sereno;Scarso;Sufficiente;Ore Diurne;0;0;0;2;12,59356;41,92934;-1;1;Autovettura privata;In marcia / fermata / arresto;Conducente;M;Illeso;0;;Non accertato;Inesploso
3457187;5;12/09/2017 08:25;Strada Urbana;VIA LICENZA;in prossimità;;del civico n.;30;;Scontro laterale fra veicoli in marcia;Curva a visuale libera;Una carreggiata a doppio senso;Asciutto;Asfaltata;Assente;Sereno;Scarso;Sufficiente;Ore Diurne;0;0;0;2;12,59356;41,92934;-1;2;Autovettura privata;In marcia / fermata / arresto;Conducente;M;Illeso;0;;Non accertato;Inesploso
3457190;5;12/09/2017 13:00;Strada Urbana;LARGO CARLO MARIA VIOLA;in prossimità;;del civico n.;15 scC;;Veicolo in marcia contro ostacolo accidentale;Rettilineo;Due carreggiate;Asciutto;Asfaltata;Assente;Sereno;Scarso;Buona;Ore Diurne;0;0;0;1;12,55965;41,91593;-1;1;Autovettura privata;In marcia / fermata / arresto;Conducente;M;Illeso;0;;Non accertato;Inesploso
3457199;15;12/09/2017 14:00;Strada Urbana;VIA CAMPAGNATICO;all'intersezione con;VIA DI S. RAFFAELE;VIA DI S. RAFFAELE;;;Scontro frontale/laterale DX fra veicoli in marcia;Intersezione non regolata/non segnalata;Due carreggiate;Asciutto;Asfaltata;Assente;Sereno;Normale;Buona;Ore Diurne;2;0;0;0;12,43736;41,8431;-1;1;Autocarro inferiore 35 q.;In marcia / fermata / arresto;Conducente;M;Rimandato;0;NON DECEDUTO;Non accertato;Esploso
3457199;15;12/09/2017 14:00;Strada Urbana;VIA CAMPAGNATICO;all'intersezione con;VIA DI S. RAFFAELE;VIA DI S. RAFFAELE;;;Scontro frontale/laterale DX fra veicoli in marcia;Intersezione non regolata/non segnalata;Due carreggiate;Asciutto;Asfaltata;Assente;Sereno;Normale;Buona;Ore Diurne;2;0;0;0;12,43736;41,8431;-1;2;Autovettura privata;In marcia / fermata / arresto;Conducente;M;Rimandato;0;NON DECEDUTO;Utilizzato;Esploso
3457202;5;12/09/2017 09:30;Strada Urbana;NUOVA CIRCONVALLAZIONE INTERNA;da specificare;;;;direz. s.Giovanni 50 metri dopo entrata tunnel;Tamponamento;Rettilineo;Due carreggiate;Asciutto;Asfaltata;Verticale ed orizzontale;Sereno;Intenso;Buona;Ore Diurne;0;0;0;2;12,52791;41,92638;-1;1;Autovettura privata;In marcia / fermata / arresto;Conducente;M;Illeso;0;;Non accertato;Inesploso
3457202;5;12/09/2017 09:30;Strada Urbana;NUOVA CIRCONVALLAZIONE INTERNA;da specificare;;;;direz. s.Giovanni 50 metri dopo entrata tunnel;Tamponamento;Rettilineo;Due carreggiate;Asciutto;Asfaltata;Verticale ed orizzontale;Sereno;Intenso;Buona;Ore Diurne;0;0;0;2;12,52791;41,92638;-1;2;Autoveicolo trasp.promisc.;In marcia / fermata / arresto;Conducente;M;Illeso;0;;Non accertato;Inesploso
3457204;5;12/09/2017 14:20;Strada Urbana;LARGO DOMENICO DE DOMINICIS;all'intersezione con;VIA DI PORTONACCIO;VIA DI PORTONACCIO;;;Scontro frontale/laterale SX fra veicoli in marcia;Incrocio;Due carreggiate;Asciutto;Asfaltata;Verticale ed orizzontale;Sereno;Intenso;Buona;Ore Diurne;0;0;0;2;12,53599;41,90273;-1;1;Autovettura privata;In marcia / fermata / arresto;Conducente;F;Illeso;0;;Non accertato;Inesploso
3457204;5;12/09/2017 14:20;Strada Urbana;LARGO DOMENICO DE DOMINICIS;all'intersezione con;VIA DI PORTONACCIO;VIA DI PORTONACCIO;;;Scontro frontale/laterale SX fra veicoli in marcia;Incrocio;Due carreggiate;Asciutto;Asfaltata;Verticale ed orizzontale;Sereno;Intenso;Buona;Ore Diurne;0;0;0;2;12,53599;41,90273;-1;2;Motociclo a solo;In marcia / fermata / arresto;Conducente;F;Illeso;0;;Non accertato;
3457211;6;13/09/2017 04:15;Strada Urbana;VIALE DELLA STAZIONE PRENESTINA;in prossimità;;del civico n.;85/87;;Veicolo in marcia contro veicoli in sosta;Rettilineo;Due carreggiate;Asciutto;Asfaltata;Verticale ed orizzontale;Sereno;Scarso;Buona;Sufficiente;0;0;0;2;12,54623;41,89527;-1;1;Autovettura privata;In marcia / fermata / arresto;Passeggero;F;Illeso;0;;;
3457211;6;13/09/2017 04:15;Strada Urbana;VIALE DELLA STAZIONE PRENESTINA;in prossimità;;del civico n.;85/87;;Veicolo in marcia contro veicoli in sosta;Rettilineo;Due carreggiate;Asciutto;Asfaltata;Verticale ed orizzontale;Sereno;Scarso;Buona;Sufficiente;0;0;0;2;12,54623;41,89527;-1;1;Autovettura privata;In marcia / fermata / arresto;Passeggero;F;Illeso;0;;;
3457215;5;12/09/2017 16:30;Strada Urbana;VIA DI CASAL DEI PAZZI;in prossimità;;del civico n.;104;;Veicolo in marcia contro veicolo fermo;Rettilineo;Una carreggiata a doppio senso;Asciutto;Asfaltata;Verticale ed orizzontale;Sereno;Normale;Buona;Ore Diurne;0;0;0;2;12,56759;41,92936;-1;1;Autovettura privata;In marcia / fermata / arresto;Conducente;F;Illeso;0;;Non accertato;Inesploso
3457215;5;12/09/2017 16:30;Strada Urbana;VIA DI CASAL DEI PAZZI;in prossimità;;del civico n.;104;;Veicolo in marcia contro veicolo fermo;Rettilineo;Una carreggiata a doppio senso;Asciutto;Asfaltata;Verticale ed orizzontale;Sereno;Normale;Buona;Ore Diurne;0;0;0;2;12,56759;41,92936;-1;2;Autobus di linea;In marcia / fermata / arresto;Conducente;M;Illeso;0;;Non accertato;Inesistente
3457216;5;12/09/2017 17:00;Strada Urbana;VIA DEI MONTI TIBURTINI;da specificare;;;;altezza via Feronia;Tamponamento;Curva a visuale libera;Due carreggiate;Asciutto;Asfaltata;Verticale ed orizzontale;Sereno;Intenso;Buona;Ore Diurne;4;0;0;2;12,55222;41,91402;-1;1;Autovettura privata;In marcia / fermata / arresto;Conducente;F;Rimandato;0;NON DECEDUTO;Non accertato;Inesploso
3457216;5;12/09/2017 17:00;Strada Urbana;VIA DEI MONTI TIBURTINI;da specificare;;;;altezza via Feronia;Tamponamento;Curva a visuale libera;Due carreggiate;Asciutto;Asfaltata;Verticale ed orizzontale;Sereno;Intenso;Buona;Ore Diurne;4;0;0;2;12,55222;41,91402;-1;1;Autovettura privata;In marcia / fermata / arresto;Passeggero;F;Rimandato;0;NON DECEDUTO;Non accertato;Inesploso
3457216;5;12/09/2017 17:00;Strada Urbana;VIA DEI MONTI TIBURTINI;da specificare;;;;altezza via Feronia;Tamponamento;Curva a visuale libera;Due carreggiate;Asciutto;Asfaltata;Verticale ed orizzontale;Sereno;Intenso;Buona;Ore Diurne;4;0;0;2;12,55222;41,91402;-1;1;Autovettura privata;In marcia / fermata / arresto;Passeggero;F;Rimandato;0;NON DECEDUTO;Non accertato;Inesploso
3457216;5;12/09/2017 17:00;Strada Urbana;VIA DEI MONTI TIBURTINI;da specificare;;;;altezza via Feronia;Tamponamento;Curva a visuale libera;Due carreggiate;Asciutto;Asfaltata;Verticale ed orizzontale;Sereno;Intenso;Buona;Ore Diurne;4;0;0;2;12,55222;41,91402;-1;1;Autovettura privata;In marcia / fermata / arresto;Passeggero;M;Rimandato;0;NON DECEDUTO;Non accertato;Inesploso
3457216;5;12/09/2017 17:00;Strada Urbana;VIA DEI MONTI TIBURTINI;da specificare;;;;altezza via Feronia;Tamponamento;Curva a visuale libera;Due carreggiate;Asciutto;Asfaltata;Verticale ed orizzontale;Sereno;Intenso;Buona;Ore Diurne;4;0;0;2;12,55222;41,91402;-1;2;Autovettura privata;In marcia / fermata / arresto;Conducente;M;Illeso;0;;Non accertato;Inesploso
3457216;5;12/09/2017 17:00;Strada Urbana;VIA DEI MONTI TIBURTINI;da specificare;;;;altezza via Feronia;Tamponamento;Curva a visuale libera;Due carreggiate;Asciutto;Asfaltata;Verticale ed orizzontale;Sereno;Intenso;Buona;Ore Diurne;4;0;0;2;12,55222;41,91402;-1;2;Autovettura privata;In marcia / fermata / arresto;Passeggero;F;Illeso;0;;Non accertato;Inesploso
3457236;13;12/09/2017 08:10;Strada Urbana;VIA BEDOLLO;all'intersezione con;VIA MALOSCO;VIA MALOSCO;;;Scontro laterale fra veicoli in marcia;Incrocio;Una carreggiata a doppio senso;Asciutto;Asfaltata;Verticale ed orizzontale;Sereno;Normale;Buona;Ore Diurne;1;0;0;1;12,36162;41,73113;-1;1;Autovettura privata;In marcia / fermata / arresto;Conducente;M;Illeso;0;;Non accertato;Inesploso
3457236;13;12/09/2017 08:10;Strada Urbana;VIA BEDOLLO;all'intersezione con;VIA MALOSCO;VIA MALOSCO;;;Scontro laterale fra veicoli in marcia;Incrocio;Una carreggiata a doppio senso;Asciutto;Asfaltata;Verticale ed orizzontale;Sereno;Normale;Buona;Ore Diurne;1;0;0;1;12,36162;41,73113;-1;2;Motociclo a solo;In marcia / fermata / arresto;Conducente;M;Ricoverato;0;NON DECEDUTO;Non accertato;
3457238;11;12/09/2017 08:35;Strada Urbana;VIA ANDREA DI BONAIUTO;da specificare;;;;prosimità palina bus n. 78269;Tamponamento;Rettilineo;Una carreggiata a doppio senso;Asciutto;Asfaltata;Verticale ed orizzontale;Sereno;Normale;Buona;Ore Diurne;0;0;0;2;12,48871;41,82866;-1;1;Motociclo a solo;In marcia / fermata / arresto;Conducente;M;Illeso;0;;Non accertato;
3457238;11;12/09/2017 08:35;Strada Urbana;VIA ANDREA DI BONAIUTO;da specificare;;;;prosimità palina bus n. 78269;Tamponamento;Rettilineo;Una carreggiata a doppio senso;Asciutto;Asfaltata;Verticale ed orizzontale;Sereno;Normale;Buona;Ore Diurne;0;0;0;2;12,48871;41,82866;-1;2;Autovettura privata;In marcia / fermata / arresto;Conducente;M;Illeso;0;;Non accertato;
3457242;11;12/09/2017 10:45;Strada Urbana;LARGO LEONARDO DA VINCI;all'intersezione con;VIA GABRIELLO CHIABRERA;VIA GABRIELLO CHIABRERA;;;Investimento di pedone;Incrocio;Due carreggiate;Asciutto;Asfaltata;Verticale ed orizzontale;Sereno;Normale;Buona;Ore Diurne;0;0;0;2;12,47996;41,85652;-1;;;;Pedone;F;Illeso;0;;;
3457242;11;12/09/2017 10:45;Strada Urbana;LARGO LEONARDO DA VINCI;all'intersezione con;VIA GABRIELLO CHIABRERA;VIA GABRIELLO CHIABRERA;;;Investimento di pedone;Incrocio;Due carreggiate;Asciutto;Asfaltata;Verticale ed orizzontale;Sereno;Normale;Buona;Ore Diurne;0;0;0;2;12,47996;41,85652;-1;1;Autovettura privata;In marcia / fermata / arresto;Conducente;M;Illeso;0;;Non accertato;
3457245;15;12/09/2017 17:55;Provinciale entro l'abitato;VIA PORTUENSE;da specificare;;;;prossimità VIA ARZANA;Tamponamento;Rettilineo;Una carreggiata a doppio senso;Asciutto;Asfaltata;Assente;Sereno;Normale;Buona;Ore Diurne;0;0;0;4;12,35585;41,82718;-1;1;Autovettura privata;In marcia / fermata / arresto;Conducente;F;Illeso;0;;Non accertato;Inesploso
3457245;15;12/09/2017 17:55;Provinciale entro l'abitato;VIA PORTUENSE;da specificare;;;;prossimità VIA ARZANA;Tamponamento;Rettilineo;Una carreggiata a doppio senso;Asciutto;Asfaltata;Assente;Sereno;Normale;Buona;Ore Diurne;0;0;0;4;12,35585;41,82718;-1;1;Autovettura privata;In marcia / fermata / arresto;Passeggero;F;Illeso;0;;Non accertato;Inesploso
3457245;15;12/09/2017 17:55;Provinciale entro l'abitato;VIA PORTUENSE;da specificare;;;;prossimità VIA ARZANA;Tamponamento;Rettilineo;Una carreggiata a doppio senso;Asciutto;Asfaltata;Assente;Sereno;Normale;Buona;Ore Diurne;0;0;0;4;12,35585;41,82718;-1;1;Autovettura privata;In marcia / fermata / arresto;Passeggero;F;Illeso;0;;Non accertato;Inesploso
3457245;15;12/09/2017 17:55;Provinciale entro l'abitato;VIA PORTUENSE;da specificare;;;;prossimità VIA ARZANA;Tamponamento;Rettilineo;Una carreggiata a doppio senso;Asciutto;Asfaltata;Assente;Sereno;Normale;Buona;Ore Diurne;0;0;0;4;12,35585;41,82718;-1;2;Autocarro inferiore 35 q.;In marcia / fermata / arresto;Conducente;M;Illeso;0;;Non accertato;Inesploso
3457249;8;12/09/2017 07:10;Strada Urbana;VIA MASSA DI SAN GIULIANO;in prossimità;;del civico n.;64;;Veicolo in marcia contro ostacolo accidentale;Curva a visuale libera;Una carreggiata a doppio senso;Asciutto;Asfaltata;Verticale ed orizzontale;Sereno;Normale;Sufficiente;Ore Diurne;0;0;0;1;12,70125;41,89915;-1;1;Autobus urbano;In marcia / fermata / arresto;Conducente;M;Illeso;0;;Non accertato;Inesistente
3457252;8;12/09/2017 09:00;Strada Urbana;VIA DEL PONTE DI NONA;in prossimità;;del palo luce n.;12;;Scontro laterale fra veicoli in marcia;Rettilineo;Una carreggiata a doppio senso;Asciutto;Asfaltata;Orizzontale;Sereno;Normale;Sufficiente;Ore Diurne;1;0;0;0;12,66118;41,89939;-1;1;Motociclo a solo;In marcia / fermata / arresto;Conducente;M;Rifiuta cure immediate;0;NON DECEDUTO;Non accertato;
3457253;20;12/09/2017 13:10;Strada Urbana;VIA CIVITELLA D'AGLIANO;in prossimità;;del civico n.;31;;Veicolo in marcia contro veicolo fermo;Rettilineo;Una carreggiata a doppio senso;Asciutto;Asfaltata;Verticale;Sereno;Scarso;Buona;Ore Diurne;0;0;0;2;12,47226;41,94823;-1;1;Autovettura privata;In marcia / fermata / arresto;Conducente;M;Illeso;0;;Non accertato;
3457253;20;12/09/2017 13:10;Strada Urbana;VIA CIVITELLA D'AGLIANO;in prossimità;;del civico n.;31;;Veicolo in marcia contro veicolo fermo;Rettilineo;Una carreggiata a doppio senso;Asciutto;Asfaltata;Verticale;Sereno;Scarso;Buona;Ore Diurne;0;0;0;2;12,47226;41,94823;-1;2;Autovettura privata;In marcia / fermata / arresto;Conducente;M;Illeso;0;;Non accertato;